model,idx,bks,pred,gap_pct,miss,over,rout,mcap,time,prec,total,feasible
SFT,0,1972,2214,12.27,0,0,0,0,0,0,0,Yes
SFT,1,120,120,0.00,0,0,0,0,0,0,0,Yes
SFT,2,76,76,0.00,0,0,0,0,0,0,0,Yes
SFT,3,2320,2320,0.00,0,0,0,0,0,0,0,Yes
SFT,4,2464,2464,0.00,0,0,0,0,0,0,0,Yes
SFT,5,1165,1348,15.71,0,0,0,2,0,0,2,No
SFT,6,1160,1272,9.66,0,0,0,0,0,0,0,Yes
SFT,7,673,673,0.00,0,0,0,0,0,0,0,Yes
SFT,8,1335,1407,5.39,0,0,0,0,0,0,0,Yes
SFT,9,90,110,22.22,0,2,0,0,0,0,2,No
SFT,10,939,1002,6.71,0,0,0,0,0,0,0,Yes
SFT,11,741,741,0.00,0,0,0,0,0,0,0,Yes
SFT,12,92,92,0.00,0,0,0,0,0,0,0,Yes
SFT,13,4009,4347,8.43,0,120,44,132,15,32,343,No
SFT,14,1258,1461,16.14,0,0,0,0,0,0,0,Yes
SFT,15,1290,1290,0.00,0,0,0,0,0,0,0,Yes
SFT,16,1715,1921,12.01,0,0,0,0,0,0,0,Yes
SFT,17,1913,1971,3.03,0,0,0,0,0,0,0,Yes
SFT,18,571,571,0.00,0,0,0,0,0,0,0,Yes
SFT,19,2377,2377,0.00,0,0,0,0,0,0,0,Yes
SFT,20,1375,1384,0.65,0,0,0,0,0,0,0,Yes
SFT,21,1166,1166,0.00,0,0,0,0,0,0,0,Yes
SFT,22,2331,3031,30.03,0,4,0,0,0,0,4,No
SFT,23,1641,1679,2.32,0,0,0,0,0,0,0,Yes
SFT,24,868,868,0.00,0,0,0,0,0,0,0,Yes
SFT,25,1462,1462,0.00,0,0,0,0,0,0,0,Yes
SFT,26,3228,4873,50.96,1,4,4,0,1,0,10,No
SFT,27,1926,1982,2.91,0,0,0,0,0,0,0,Yes
SFT,28,1303,1336,2.53,0,0,0,0,0,0,0,Yes
SFT,29,1541,1671,8.44,0,0,0,0,0,0,0,Yes
SFT,30,2579,2704,4.85,0,0,0,0,0,0,0,Yes
SFT,31,1364,1633,19.72,0,0,0,0,0,0,0,Yes
SFT,32,817,849,3.92,0,0,0,0,0,0,0,Yes
SFT,33,2440,2440,0.00,0,0,0,0,0,0,0,Yes
SFT,34,1161,1528,31.61,0,10,0,0,0,0,10,No
SFT,35,567,634,11.82,0,0,0,0,0,0,0,Yes
SFT,36,2848,3201,12.39,0,0,0,0,0,0,0,Yes
SFT,37,955,1078,12.88,0,0,0,0,0,0,0,Yes
SFT,38,1257,1429,13.68,0,0,0,0,0,0,0,Yes
SFT,39,670,670,0.00,0,0,0,0,0,0,0,Yes
SFT,40,2019,2175,7.73,0,0,0,0,0,0,0,Yes
SFT,41,2732,2732,0.00,0,0,0,0,0,0,0,Yes
SFT,42,1993,2219,11.34,0,0,0,0,0,0,0,Yes
SFT,43,284,297,4.58,0,0,0,0,0,0,0,Yes
SFT,44,1289,1289,0.00,0,0,0,0,0,0,0,Yes
SFT,45,945,951,0.63,0,0,0,0,0,0,0,Yes
SFT,46,1921,2065,7.50,0,0,0,0,0,0,0,Yes
SFT,47,1664,1802,8.29,0,0,0,0,0,0,0,Yes
SFT,48,135,155,14.81,0,0,0,0,0,0,0,Yes
SFT,49,824,824,0.00,0,0,0,0,0,0,0,Yes
SFT,50,2367,4653,96.58,0,188,16,111,12,13,340,No
SFT,51,981,1111,13.25,0,0,0,0,0,0,0,Yes
SFT,52,2122,2843,33.98,0,8,0,0,0,0,8,No
SFT,53,694,694,0.00,0,0,0,0,0,0,0,Yes
SFT,54,1806,1889,4.60,0,0,0,0,0,0,0,Yes
SFT,55,143,165,15.38,0,0,0,0,0,0,0,Yes
SFT,56,2288,2925,27.84,0,4,0,0,0,0,4,No
SFT,57,592,626,5.74,0,0,0,0,0,0,0,Yes
SFT,58,198,246,24.24,0,0,0,0,0,0,0,Yes
SFT,59,586,615,4.95,0,0,0,0,0,0,0,Yes
SFT,60,165,165,0.00,0,0,0,0,0,0,0,Yes
SFT,61,164,164,0.00,0,0,0,0,0,0,0,Yes
SFT,62,1916,2370,23.70,0,0,0,0,0,0,0,Yes
SFT,63,496,496,0.00,0,0,0,0,0,0,0,Yes
SFT,64,1157,1157,0.00,0,0,0,0,0,0,0,Yes
SFT,65,2645,3338,26.20,0,0,0,0,0,0,0,Yes
SFT,66,1007,1007,0.00,0,0,0,0,0,0,0,Yes
SFT,67,716,750,4.75,0,0,0,0,0,0,0,Yes
SFT,68,872,1011,15.94,0,4,0,0,0,0,4,No
SFT,69,1286,1711,33.05,0,5,0,0,0,0,5,No
SFT,70,1834,2086,13.74,0,0,0,0,0,0,0,Yes
SFT,71,3031,3604,18.90,0,0,0,0,0,0,0,Yes
SFT,72,1869,2144,14.71,0,0,0,0,0,0,0,Yes
SFT,73,496,622,25.40,0,3,0,0,0,0,3,No
SFT,74,731,731,0.00,0,0,0,0,0,0,0,Yes
SFT,75,2569,3010,17.17,0,0,0,0,0,0,0,Yes
SFT,76,877,893,1.82,0,0,0,0,0,0,0,Yes
SFT,77,1879,2033,8.20,0,0,0,0,0,0,0,Yes
SFT,78,947,997,5.28,0,0,0,0,0,0,0,Yes
SFT,79,789,1347,70.72,0,15,0,1,0,0,16,No
SFT,80,655,684,4.43,0,0,0,0,0,0,0,Yes
SFT,81,1314,1394,6.09,0,0,0,0,0,0,0,Yes
SFT,82,279,301,7.89,0,0,0,0,0,0,0,Yes
SFT,83,2281,2378,4.25,0,0,0,0,0,0,0,Yes
SFT,84,551,579,5.08,0,0,0,0,0,0,0,Yes
SFT,85,1807,1807,0.00,0,0,0,0,0,0,0,Yes
SFT,86,860,860,0.00,0,0,0,0,0,0,0,Yes
SFT,87,3023,3494,15.58,0,0,0,0,0,0,0,Yes
SFT,88,1125,1125,0.00,0,0,0,0,0,0,0,Yes
SFT,89,1806,1863,3.16,0,0,0,0,0,0,0,Yes
SFT,90,873,873,0.00,0,0,0,0,0,0,0,Yes
SFT,91,2023,2116,4.60,0,0,0,0,0,0,0,Yes
SFT,92,939,1063,13.21,0,0,0,0,0,0,0,Yes
SFT,93,328,328,0.00,0,0,0,0,0,0,0,Yes
SFT,94,519,520,0.19,0,0,0,0,0,0,0,Yes
SFT,95,193,223,15.54,0,0,0,0,0,0,0,Yes
SFT,96,72,75,4.17,0,0,0,0,0,0,0,Yes
SFT,97,419,419,0.00,0,0,0,0,0,0,0,Yes
SFT,98,499,566,13.43,0,0,0,0,0,0,0,Yes
SFT,99,1806,1806,0.00,0,0,0,0,0,0,0,Yes
SFT,100,1356,1356,0.00,0,0,0,0,0,0,0,Yes
SFT,101,536,556,3.73,0,0,0,0,0,0,0,Yes
SFT,102,987,987,0.00,0,0,0,0,0,0,0,Yes
SFT,103,2179,2392,9.78,0,0,0,0,0,0,0,Yes
SFT,104,1236,1281,3.64,0,0,0,0,0,0,0,Yes
SFT,105,2102,2383,13.37,0,0,0,0,0,0,0,Yes
SFT,106,1037,1037,0.00,0,0,0,0,0,0,0,Yes
SFT,107,1100,1264,14.91,0,0,0,0,0,0,0,Yes
SFT,108,2524,4465,76.90,0,184,36,140,12,25,397,No
SFT,109,562,562,0.00,0,0,0,0,0,0,0,Yes
SFT,110,1426,1454,1.96,0,0,0,0,0,0,0,Yes
SFT,111,59,59,0.00,0,0,0,0,0,0,0,Yes
SFT,112,2212,2433,9.99,0,1,0,1,0,0,2,No
SFT,113,1238,1238,0.00,0,0,0,0,0,0,0,Yes
SFT,114,992,1309,31.96,0,0,0,0,0,0,0,Yes
SFT,115,1663,1707,2.65,0,0,0,0,0,0,0,Yes
SFT,116,649,744,14.64,0,0,0,0,0,0,0,Yes
SFT,117,1539,1539,0.00,0,0,0,0,0,0,0,Yes
SFT,118,1347,1443,7.13,0,0,0,0,0,0,0,Yes
SFT,119,1834,1904,3.82,0,0,0,0,0,0,0,Yes
SFT,120,2392,2392,0.00,0,0,0,0,0,0,0,Yes
SFT,121,1218,1218,0.00,0,0,0,0,0,0,0,Yes
SFT,122,1534,1695,10.50,0,0,0,0,0,0,0,Yes
SFT,123,1404,1428,1.71,0,0,0,0,0,0,0,Yes
SFT,124,96,96,0.00,0,0,0,0,0,0,0,Yes
SFT,125,1082,1082,0.00,0,0,0,0,0,0,0,Yes
SFT,126,563,632,12.26,0,1,0,0,0,0,1,No
SFT,127,655,655,0.00,0,0,0,0,0,0,0,Yes
SFT,128,982,982,0.00,0,0,0,0,0,0,0,Yes
SFT,129,638,638,0.00,0,0,0,0,0,0,0,Yes
SFT,130,646,646,0.00,0,0,0,0,0,0,0,Yes
SFT,131,1110,1110,0.00,0,0,0,0,0,0,0,Yes
SFT,132,1385,1497,8.09,0,0,0,0,0,0,0,Yes
SFT,133,645,682,5.74,0,0,0,0,0,0,0,Yes
SFT,134,741,856,15.52,0,0,0,0,0,0,0,Yes
SFT,135,1895,2030,7.12,0,0,0,0,0,0,0,Yes
SFT,136,667,676,1.35,0,0,0,0,0,0,0,Yes
SFT,137,874,874,0.00,0,0,0,0,0,0,0,Yes
SFT,138,329,334,1.52,0,0,0,0,0,0,0,Yes
SFT,139,1882,2065,9.72,0,0,0,0,0,0,0,Yes
SFT,140,2525,2782,10.18,0,0,0,0,0,0,0,Yes
SFT,141,267,267,0.00,0,0,0,0,0,0,0,Yes
SFT,142,1214,1214,0.00,0,0,0,0,0,0,0,Yes
SFT,143,1267,1479,16.73,0,0,0,0,0,0,0,Yes
SFT,144,433,434,0.23,0,0,0,0,0,0,0,Yes
SFT,145,2043,2323,13.71,0,0,0,0,0,0,0,Yes
SFT,146,2021,2083,3.07,0,0,0,0,0,0,0,Yes
SFT,147,1672,1848,10.53,0,0,0,0,0,0,0,Yes
SFT,148,337,337,0.00,0,0,0,0,0,0,0,Yes
SFT,149,2140,2140,0.00,0,0,0,0,0,0,0,Yes
SFT,150,1577,1904,20.74,0,0,0,0,0,0,0,Yes
SFT,151,2704,3072,13.61,0,0,0,0,0,0,0,Yes
SFT,152,1667,1667,0.00,0,0,0,0,0,0,0,Yes
SFT,153,1143,1296,13.39,0,0,0,0,0,0,0,Yes
SFT,154,1329,1525,14.75,0,0,0,0,0,0,0,Yes
SFT,155,517,544,5.22,0,0,0,0,0,0,0,Yes
SFT,156,2335,2737,17.22,0,0,0,0,0,0,0,Yes
SFT,157,557,557,0.00,0,0,0,0,0,0,0,Yes
SFT,158,1455,1491,2.47,0,0,0,0,0,0,0,Yes
SFT,159,507,534,5.33,0,0,0,0,0,0,0,Yes
SFT,160,22,22,0.00,0,0,0,0,0,0,0,Yes
SFT,161,1549,1606,3.68,0,0,0,0,0,0,0,Yes
SFT,162,155,192,23.87,0,0,0,0,0,0,0,Yes
SFT,163,658,670,1.82,0,0,0,0,0,0,0,Yes
SFT,164,287,287,0.00,0,0,0,0,0,0,0,Yes
SFT,165,1178,1200,1.87,0,0,0,0,0,0,0,Yes
SFT,166,815,839,2.94,0,0,0,0,0,0,0,Yes
SFT,167,142,142,0.00,0,0,0,0,0,0,0,Yes
SFT,168,2328,2328,0.00,0,0,0,0,0,0,0,Yes
SFT,169,2515,2515,0.00,0,0,0,0,0,0,0,Yes
SFT,170,1699,1699,0.00,0,0,0,0,0,0,0,Yes
SFT,171,1405,1469,4.56,0,0,0,0,0,0,0,Yes
SFT,172,1261,1452,15.15,0,0,0,0,0,0,0,Yes
SFT,173,788,788,0.00,0,0,0,0,0,0,0,Yes
SFT,174,1484,1562,5.26,0,0,0,0,0,0,0,Yes
SFT,175,2098,1995,-4.91,3,0,0,0,0,0,3,No
SFT,176,895,957,6.93,0,0,0,0,0,0,0,Yes
SFT,177,1529,1720,12.49,0,0,0,0,0,0,0,Yes
SFT,178,1381,1472,6.59,0,0,0,0,0,0,0,Yes
SFT,179,3033,3029,-0.13,1,0,0,0,0,0,1,No
SFT,180,1068,1088,1.87,0,0,0,0,0,0,0,Yes
SFT,181,265,282,6.42,0,0,0,0,0,0,0,Yes
SFT,182,2309,2337,1.21,0,0,0,0,0,0,0,Yes
SFT,183,490,520,6.12,0,0,0,0,0,0,0,Yes
SFT,184,383,444,15.93,0,0,0,0,0,0,0,Yes
SFT,185,140,140,0.00,0,0,0,0,0,0,0,Yes
SFT,186,1599,1840,15.07,0,0,0,2,0,0,2,No
SFT,187,829,865,4.34,0,0,0,0,0,0,0,Yes
SFT,188,1564,1598,2.17,0,0,0,0,0,0,0,Yes
SFT,189,1682,1915,13.85,0,0,0,0,0,0,0,Yes
SFT,190,1375,1423,3.49,0,0,0,0,0,0,0,Yes
SFT,191,817,828,1.35,0,0,0,0,0,0,0,Yes
SFT,192,1458,1626,11.52,0,0,0,0,0,0,0,Yes
SFT,193,543,543,0.00,0,0,0,0,0,0,0,Yes
SFT,194,1121,1121,0.00,0,0,0,0,0,0,0,Yes
SFT,195,1243,1404,12.95,0,0,0,0,0,0,0,Yes
SFT,196,861,878,1.97,0,0,0,0,0,0,0,Yes
SFT,197,360,403,11.94,0,0,0,0,0,0,0,Yes
SFT,198,2965,3545,19.56,0,0,0,0,0,0,0,Yes
SFT,199,431,493,14.39,0,0,0,0,0,0,0,Yes
V1,0,1972,2078,5.38,0,0,0,0,0,0,0,Yes
V1,1,120,120,0.00,0,0,0,0,0,0,0,Yes
V1,2,76,76,0.00,0,0,0,0,0,0,0,Yes
V1,3,2320,2320,0.00,0,0,0,0,0,0,0,Yes
V1,4,2464,2539,3.04,0,0,0,0,0,0,0,Yes
V1,5,1165,1355,16.31,0,0,0,0,0,0,0,Yes
V1,6,1160,1223,5.43,0,0,0,0,0,0,0,Yes
V1,7,673,673,0.00,0,0,0,0,0,0,0,Yes
V1,8,1335,1366,2.32,0,0,0,0,0,0,0,Yes
V1,9,90,105,16.67,0,0,0,0,0,0,0,Yes
V1,10,939,939,0.00,0,0,0,0,0,0,0,Yes
V1,11,741,741,0.00,0,0,0,0,0,0,0,Yes
V1,12,92,92,0.00,0,0,0,0,0,0,0,Yes
V1,13,4009,4513,12.57,1,0,0,0,1,0,2,No
V1,14,1258,1419,12.80,0,0,0,0,0,0,0,Yes
V1,15,1290,1390,7.75,0,0,0,0,0,0,0,Yes
V1,16,1715,1771,3.27,0,0,0,0,0,0,0,Yes
V1,17,1913,1913,0.00,0,0,0,0,0,0,0,Yes
V1,18,571,572,0.18,0,0,0,0,0,0,0,Yes
V1,19,2377,2377,0.00,0,0,0,0,0,0,0,Yes
V1,20,1375,1399,1.75,0,0,0,0,0,0,0,Yes
V1,21,1166,1166,0.00,0,0,0,0,0,0,0,Yes
V1,22,2331,2935,25.91,0,0,0,0,0,0,0,Yes
V1,23,1641,1641,0.00,0,0,0,0,0,0,0,Yes
V1,24,868,868,0.00,0,0,0,0,0,0,0,Yes
V1,25,1462,1462,0.00,0,0,0,0,0,0,0,Yes
V1,26,3228,3727,15.46,0,0,0,0,0,0,0,Yes
V1,27,1926,2193,13.86,0,0,0,0,0,0,0,Yes
V1,28,1303,1335,2.46,0,0,0,0,0,0,0,Yes
V1,29,1541,1925,24.92,0,0,0,0,0,0,0,Yes
V1,30,2579,3009,16.67,0,0,0,0,0,0,0,Yes
V1,31,1364,1588,16.42,0,0,0,0,0,0,0,Yes
V1,32,817,817,0.00,0,0,0,0,0,0,0,Yes
V1,33,2440,2440,0.00,0,0,0,0,0,0,0,Yes
V1,34,1161,1340,15.42,0,0,0,0,0,0,0,Yes
V1,35,567,614,8.29,0,0,0,0,0,0,0,Yes
V1,36,2848,2848,0.00,0,0,0,0,0,0,0,Yes
V1,37,955,1025,7.33,0,0,0,0,0,0,0,Yes
V1,38,1257,1370,8.99,0,0,0,0,0,0,0,Yes
V1,39,670,670,0.00,0,0,0,0,0,0,0,Yes
V1,40,2019,2019,0.00,0,0,0,0,0,0,0,Yes
V1,41,2732,2878,5.34,0,0,0,0,0,0,0,Yes
V1,42,1993,2021,1.40,0,0,0,0,0,0,0,Yes
V1,43,284,284,0.00,0,0,0,0,0,0,0,Yes
V1,44,1289,1345,4.34,0,0,0,0,0,0,0,Yes
V1,45,945,947,0.21,0,0,0,0,0,0,0,Yes
V1,46,1921,2065,7.50,0,0,0,0,0,0,0,Yes
V1,47,1664,1665,0.06,0,0,0,0,0,0,0,Yes
V1,48,135,135,0.00,0,0,0,0,0,0,0,Yes
V1,49,824,824,0.00,0,0,0,0,0,0,0,Yes
V1,50,2367,2551,7.77,1,1,0,0,0,0,2,No
V1,51,981,1005,2.45,0,0,0,0,0,0,0,Yes
V1,52,2122,2292,8.01,0,0,0,0,0,0,0,Yes
V1,53,694,694,0.00,0,0,0,0,0,0,0,Yes
V1,54,1806,2157,19.44,0,0,0,0,0,0,0,Yes
V1,55,143,152,6.29,0,0,0,0,0,0,0,Yes
V1,56,2288,2655,16.04,0,0,2,0,0,2,4,No
V1,57,592,596,0.68,0,0,0,0,0,0,0,Yes
V1,58,198,229,15.66,0,0,0,0,0,0,0,Yes
V1,59,586,603,2.90,0,0,0,0,0,0,0,Yes
V1,60,165,165,0.00,0,0,0,0,0,0,0,Yes
V1,61,164,164,0.00,0,0,0,0,0,0,0,Yes
V1,62,1916,2298,19.94,0,0,0,0,0,0,0,Yes
V1,63,496,496,0.00,0,0,0,0,0,0,0,Yes
V1,64,1157,1157,0.00,0,0,0,0,0,0,0,Yes
V1,65,2645,2756,4.20,0,0,0,0,0,0,0,Yes
V1,66,1007,1007,0.00,0,0,0,0,0,0,0,Yes
V1,67,716,750,4.75,0,0,0,0,0,0,0,Yes
V1,68,872,1015,16.40,0,0,0,0,0,0,0,Yes
V1,69,1286,1393,8.32,0,0,0,0,0,1,1,No
V1,70,1834,2016,9.92,0,0,0,0,0,0,0,Yes
V1,71,3031,3533,16.56,0,0,0,0,0,0,0,Yes
V1,72,1869,2117,13.27,0,0,0,0,0,0,0,Yes
V1,73,496,549,10.69,0,0,0,0,0,0,0,Yes
V1,74,731,731,0.00,0,0,0,0,0,0,0,Yes
V1,75,2569,2697,4.98,0,0,0,0,0,0,0,Yes
V1,76,877,877,0.00,0,0,0,0,0,0,0,Yes
V1,77,1879,1966,4.63,0,0,0,0,0,0,0,Yes
V1,78,947,986,4.12,0,0,0,0,0,0,0,Yes
V1,79,789,913,15.72,0,0,0,0,0,0,0,Yes
V1,80,655,667,1.83,0,0,0,0,0,0,0,Yes
V1,81,1314,1342,2.13,0,0,0,0,0,0,0,Yes
V1,82,279,313,12.19,0,0,0,0,0,0,0,Yes
V1,83,2281,2337,2.46,0,0,0,0,0,0,0,Yes
V1,84,551,551,0.00,0,0,0,0,0,0,0,Yes
V1,85,1807,1807,0.00,0,0,0,0,0,0,0,Yes
V1,86,860,860,0.00,0,0,0,0,0,0,0,Yes
V1,87,3023,3301,9.20,0,0,0,0,0,0,0,Yes
V1,88,1125,1141,1.42,0,0,0,0,0,0,0,Yes
V1,89,1806,1806,0.00,0,0,0,0,0,0,0,Yes
V1,90,873,873,0.00,0,0,0,0,0,0,0,Yes
V1,91,2023,2251,11.27,0,0,0,0,0,0,0,Yes
V1,92,939,1012,7.77,0,0,0,0,0,0,0,Yes
V1,93,328,380,15.85,0,0,0,0,0,0,0,Yes
V1,94,519,524,0.96,0,0,0,0,0,0,0,Yes
V1,95,193,193,0.00,0,0,0,0,0,0,0,Yes
V1,96,72,72,0.00,0,0,0,0,0,0,0,Yes
V1,97,419,419,0.00,0,0,0,0,0,0,0,Yes
V1,98,499,523,4.81,0,0,0,0,0,0,0,Yes
V1,99,1806,1806,0.00,0,0,0,0,0,0,0,Yes
V1,100,1356,1356,0.00,0,0,0,0,0,0,0,Yes
V1,101,536,553,3.17,0,0,0,0,0,0,0,Yes
V1,102,987,987,0.00,0,0,0,0,0,0,0,Yes
V1,103,2179,2642,21.25,0,0,0,0,0,0,0,Yes
V1,104,1236,1310,5.99,0,0,0,0,0,0,0,Yes
V1,105,2102,2154,2.47,0,0,0,0,0,0,0,Yes
V1,106,1037,1037,0.00,0,0,0,0,0,0,0,Yes
V1,107,1100,1128,2.55,0,0,0,0,0,0,0,Yes
V1,108,2524,2820,11.73,0,0,0,0,0,0,0,Yes
V1,109,562,562,0.00,0,0,0,0,0,0,0,Yes
V1,110,1426,1426,0.00,0,0,0,0,0,0,0,Yes
V1,111,59,59,0.00,0,0,0,0,0,0,0,Yes
V1,112,2212,2424,9.58,0,0,0,0,0,0,0,Yes
V1,113,1238,1238,0.00,0,0,0,0,0,0,0,Yes
V1,114,992,1075,8.37,0,0,0,0,0,0,0,Yes
V1,115,1663,1744,4.87,0,0,0,0,0,0,0,Yes
V1,116,649,693,6.78,0,0,0,0,0,0,0,Yes
V1,117,1539,1539,0.00,0,0,0,0,0,0,0,Yes
V1,118,1347,1584,17.59,0,0,0,0,0,0,0,Yes
V1,119,1834,1834,0.00,0,0,0,0,0,0,0,Yes
V1,120,2392,2392,0.00,0,0,0,0,0,0,0,Yes
V1,121,1218,1218,0.00,0,0,0,0,0,0,0,Yes
V1,122,1534,1666,8.60,0,0,0,0,0,0,0,Yes
V1,123,1404,1404,0.00,0,0,0,0,0,0,0,Yes
V1,124,96,111,15.62,0,0,0,0,0,0,0,Yes
V1,125,1082,1082,0.00,0,0,0,0,0,0,0,Yes
V1,126,563,645,14.56,0,0,0,0,0,0,0,Yes
V1,127,655,662,1.07,0,0,0,0,0,0,0,Yes
V1,128,982,982,0.00,0,0,0,0,0,0,0,Yes
V1,129,638,638,0.00,0,0,0,0,0,0,0,Yes
V1,130,646,646,0.00,0,0,0,0,0,0,0,Yes
V1,131,1110,1181,6.40,0,0,0,0,0,0,0,Yes
V1,132,1385,1603,15.74,0,0,0,0,0,0,0,Yes
V1,133,645,679,5.27,0,0,0,0,0,0,0,Yes
V1,134,741,845,14.04,0,0,0,0,0,0,0,Yes
V1,135,1895,1895,0.00,0,0,0,0,0,0,0,Yes
V1,136,667,764,14.54,0,0,0,0,0,0,0,Yes
V1,137,874,874,0.00,0,0,0,0,0,0,0,Yes
V1,138,329,329,0.00,0,0,0,0,0,0,0,Yes
V1,139,1882,1979,5.15,0,0,0,0,0,0,0,Yes
V1,140,2525,2657,5.23,0,0,0,0,0,0,0,Yes
V1,141,267,275,3.00,0,0,0,0,0,0,0,Yes
V1,142,1214,1214,0.00,0,0,0,0,0,0,0,Yes
V1,143,1267,1371,8.21,0,0,0,0,0,0,0,Yes
V1,144,433,433,0.00,0,0,0,0,0,0,0,Yes
V1,145,2043,2240,9.64,0,0,0,0,0,0,0,Yes
V1,146,2021,2147,6.23,0,0,0,0,0,0,0,Yes
V1,147,1672,1759,5.20,0,0,0,0,0,0,0,Yes
V1,148,337,337,0.00,0,0,0,0,0,0,0,Yes
V1,149,2140,2140,0.00,0,0,0,0,0,0,0,Yes
V1,150,1577,1750,10.97,0,0,0,0,0,0,0,Yes
V1,151,2704,3180,17.60,0,0,0,0,0,0,0,Yes
V1,152,1667,1667,0.00,0,0,0,0,0,0,0,Yes
V1,153,1143,1216,6.39,0,0,0,0,0,0,0,Yes
V1,154,1329,1526,14.82,0,0,0,0,0,0,0,Yes
V1,155,517,544,5.22,0,0,0,0,0,0,0,Yes
V1,156,2335,2590,10.92,0,0,0,0,0,0,0,Yes
V1,157,557,557,0.00,0,0,0,0,0,0,0,Yes
V1,158,1455,1611,10.72,0,0,0,0,0,0,0,Yes
V1,159,507,583,14.99,0,0,0,0,0,0,0,Yes
V1,160,22,22,0.00,0,0,0,0,0,0,0,Yes
V1,161,1549,1574,1.61,0,0,0,0,0,0,0,Yes
V1,162,155,168,8.39,0,0,0,0,0,0,0,Yes
V1,163,658,658,0.00,0,0,0,0,0,0,0,Yes
V1,164,287,355,23.69,0,0,0,0,0,0,0,Yes
V1,165,1178,1178,0.00,0,0,0,0,0,0,0,Yes
V1,166,815,839,2.94,0,0,0,0,0,0,0,Yes
V1,167,142,142,0.00,0,0,0,0,0,0,0,Yes
V1,168,2328,2328,0.00,0,0,0,0,0,0,0,Yes
V1,169,2515,2515,0.00,0,0,0,0,0,0,0,Yes
V1,170,1699,1699,0.00,0,0,0,0,0,0,0,Yes
V1,171,1405,1432,1.92,0,0,0,0,0,0,0,Yes
V1,172,1261,1321,4.76,0,0,0,0,0,0,0,Yes
V1,173,788,788,0.00,0,0,0,0,0,0,0,Yes
V1,174,1484,1562,5.26,0,0,0,0,0,0,0,Yes
V1,175,2098,2121,1.10,0,0,0,0,0,0,0,Yes
V1,176,895,957,6.93,0,0,0,0,0,0,0,Yes
V1,177,1529,1685,10.20,0,0,0,0,0,0,0,Yes
V1,178,1381,1434,3.84,0,0,0,0,0,0,0,Yes
V1,179,3033,3473,14.51,0,0,0,0,0,0,0,Yes
V1,180,1068,1068,0.00,0,0,0,0,0,0,0,Yes
V1,181,265,273,3.02,0,0,0,0,0,0,0,Yes
V1,182,2309,2309,0.00,0,0,0,0,0,0,0,Yes
V1,183,490,522,6.53,0,0,0,0,0,0,0,Yes
V1,184,383,429,12.01,0,0,0,0,0,0,0,Yes
V1,185,140,143,2.14,0,0,0,0,0,0,0,Yes
V1,186,1599,1911,19.51,0,0,0,0,0,0,0,Yes
V1,187,829,865,4.34,0,0,0,0,0,0,0,Yes
V1,188,1564,1598,2.17,0,0,0,0,0,0,0,Yes
V1,189,1682,1909,13.50,0,0,0,0,0,0,0,Yes
V1,190,1375,1489,8.29,0,0,0,0,0,0,0,Yes
V1,191,817,817,0.00,0,0,0,0,0,0,0,Yes
V1,192,1458,1528,4.80,0,0,0,0,0,0,0,Yes
V1,193,543,543,0.00,0,0,0,0,0,0,0,Yes
V1,194,1121,1121,0.00,0,0,0,0,0,0,0,Yes
V1,195,1243,1430,15.04,0,0,0,0,0,0,0,Yes
V1,196,861,878,1.97,0,0,0,0,0,0,0,Yes
V1,197,360,401,11.39,0,0,0,0,0,0,0,Yes
V1,198,2965,3011,1.55,0,0,0,0,0,0,0,Yes
V1,199,431,453,5.10,0,0,0,0,0,0,0,Yes
V2,0,1972,2511,27.33,0,5,0,0,0,0,5,No
V2,1,120,120,0.00,0,0,0,0,0,0,0,Yes
V2,2,76,76,0.00,0,0,0,0,0,0,0,Yes
V2,3,2320,2320,0.00,0,0,0,0,0,0,0,Yes
V2,4,2464,2539,3.04,0,0,0,0,0,0,0,Yes
V2,5,1165,1620,39.06,0,1,0,0,0,0,1,No
V2,6,1160,1293,11.47,0,0,0,0,0,0,0,Yes
V2,7,673,673,0.00,0,0,0,0,0,0,0,Yes
V2,8,1335,1407,5.39,0,0,0,0,0,0,0,Yes
V2,9,90,449,398.89,0,259,30,72,1,11,373,No
V2,10,939,1002,6.71,0,0,0,0,0,0,0,Yes
V2,11,741,741,0.00,0,0,0,0,0,0,0,Yes
V2,12,92,92,0.00,0,0,0,0,0,0,0,Yes
V2,13,4009,5248,30.91,0,179,42,180,27,30,458,No
V2,14,1258,1508,19.87,0,1,0,0,0,0,1,No
V2,15,1290,1290,0.00,0,0,0,0,0,0,0,Yes
V2,16,1715,1962,14.40,0,0,0,0,0,0,0,Yes
V2,17,1913,1913,0.00,0,0,0,0,0,0,0,Yes
V2,18,571,571,0.00,0,0,0,0,0,0,0,Yes
V2,19,2377,2377,0.00,0,0,0,0,0,0,0,Yes
V2,20,1375,1375,0.00,0,0,0,0,0,0,0,Yes
V2,21,1166,1166,0.00,0,0,0,0,0,0,0,Yes
V2,22,2331,6715,188.07,0,204,23,142,11,17,397,No
V2,23,1641,1679,2.32,0,0,0,0,0,0,0,Yes
V2,24,868,868,0.00,0,0,0,0,0,0,0,Yes
V2,25,1462,1462,0.00,0,0,0,0,0,0,0,Yes
V2,26,3228,6977,116.14,0,190,38,173,25,32,458,No
V2,27,1926,2161,12.20,0,0,0,0,0,0,0,Yes
V2,28,1303,1303,0.00,0,0,0,0,0,0,0,Yes
V2,29,1541,4467,189.88,0,212,2,75,7,1,297,No
V2,30,2579,2704,4.85,0,0,0,0,0,0,0,Yes
V2,31,1364,1633,19.72,0,0,0,0,0,0,0,Yes
V2,32,817,817,0.00,0,0,0,0,0,0,0,Yes
V2,33,2440,2440,0.00,0,0,0,0,0,0,0,Yes
V2,34,1161,5131,341.95,0,200,2,25,13,0,240,No
V2,35,567,573,1.06,0,0,0,0,0,0,0,Yes
V2,36,2848,3013,5.79,0,0,0,0,0,0,0,Yes
V2,37,955,1036,8.48,0,0,0,0,0,0,0,Yes
V2,38,1257,1479,17.66,0,0,0,0,0,0,0,Yes
V2,39,670,670,0.00,0,0,0,0,0,0,0,Yes
V2,40,2019,2145,6.24,0,0,0,0,0,0,0,Yes
V2,41,2732,3129,14.53,0,0,0,0,0,0,0,Yes
V2,42,1993,2219,11.34,0,1,0,0,0,0,1,No
V2,43,284,284,0.00,0,0,0,0,0,0,0,Yes
V2,44,1289,1289,0.00,0,0,0,0,0,0,0,Yes
V2,45,945,951,0.63,0,0,0,0,0,0,0,Yes
V2,46,1921,2865,49.14,0,5,0,0,0,0,5,No
V2,47,1664,1744,4.81,0,1,0,0,0,0,1,No
V2,48,135,135,0.00,0,0,0,0,0,0,0,Yes
V2,49,824,824,0.00,0,0,0,0,0,0,0,Yes
V2,50,2367,5247,121.67,0,179,23,88,20,14,324,No
V2,51,981,1023,4.28,0,0,0,0,0,0,0,Yes
V2,52,2122,4435,109.00,0,199,25,124,9,19,376,No
V2,53,694,694,0.00,0,0,0,0,0,0,0,Yes
V2,54,1806,2174,20.38,0,0,0,0,0,0,0,Yes
V2,55,143,159,11.19,0,0,0,0,0,0,0,Yes
V2,56,2288,4450,94.49,0,202,26,135,15,16,394,No
V2,57,592,610,3.04,0,0,0,0,0,0,0,Yes
V2,58,198,222,12.12,0,0,0,0,0,0,0,Yes
V2,59,586,617,5.29,0,0,0,0,0,0,0,Yes
V2,60,165,165,0.00,0,0,0,0,0,0,0,Yes
V2,61,164,164,0.00,0,0,0,0,0,0,0,Yes
V2,62,1916,5114,166.91,0,211,15,159,14,13,412,No
V2,63,496,496,0.00,0,0,0,0,0,0,0,Yes
V2,64,1157,1157,0.00,0,0,0,0,0,0,0,Yes
V2,65,2645,3093,16.94,0,0,0,0,0,0,0,Yes
V2,66,1007,1007,0.00,0,0,0,0,0,0,0,Yes
V2,67,716,750,4.75,0,0,0,0,0,0,0,Yes
V2,68,872,5633,545.99,0,192,6,29,16,0,243,No
V2,69,1286,5547,331.34,0,193,0,57,10,0,260,No
V2,70,1834,2086,13.74,0,0,0,0,0,0,0,Yes
V2,71,3031,3587,18.34,0,1,0,0,0,0,1,No
V2,72,1869,2416,29.27,0,4,0,0,0,0,4,No
V2,73,496,4218,750.40,0,217,2,5,14,0,238,No
V2,74,731,731,0.00,0,0,0,0,0,0,0,Yes
V2,75,2569,3012,17.24,0,2,0,0,0,0,2,No
V2,76,877,877,0.00,0,0,0,0,0,0,0,Yes
V2,77,1879,1919,2.13,0,0,0,0,0,0,0,Yes
V2,78,947,997,5.28,0,0,0,0,0,0,0,Yes
V2,79,789,3338,323.07,0,208,0,5,0,0,213,No
V2,80,655,698,6.56,0,0,0,0,0,0,0,Yes
V2,81,1314,1366,3.96,0,0,0,0,0,0,0,Yes
V2,82,279,301,7.89,0,0,0,0,0,0,0,Yes
V2,83,2281,2331,2.19,0,0,0,0,0,0,0,Yes
V2,84,551,579,5.08,0,0,0,0,0,0,0,Yes
V2,85,1807,1807,0.00,0,0,0,0,0,0,0,Yes
V2,86,860,860,0.00,0,0,0,0,0,0,0,Yes
V2,87,3023,3481,15.15,0,2,0,0,0,0,2,No
V2,88,1125,1125,0.00,0,0,0,0,0,0,0,Yes
V2,89,1806,1806,0.00,0,0,0,0,0,0,0,Yes
V2,90,873,873,0.00,0,0,0,0,0,0,0,Yes
V2,91,2023,2116,4.60,0,0,0,0,0,0,0,Yes
V2,92,939,1074,14.38,0,0,0,0,0,0,0,Yes
V2,93,328,328,0.00,0,0,0,0,0,0,0,Yes
V2,94,519,547,5.39,0,0,0,0,0,0,0,Yes
V2,95,193,193,0.00,0,0,0,0,0,0,0,Yes
V2,96,72,75,4.17,0,0,0,0,0,0,0,Yes
V2,97,419,419,0.00,0,0,0,0,0,0,0,Yes
V2,98,499,566,13.43,0,1,0,0,0,0,1,No
V2,99,1806,1806,0.00,0,0,0,0,0,0,0,Yes
V2,100,1356,1356,0.00,0,0,0,0,0,0,0,Yes
V2,101,536,580,8.21,0,0,0,0,0,0,0,Yes
V2,102,987,987,0.00,0,0,0,0,0,0,0,Yes
V2,103,2179,2633,20.84,0,3,0,0,0,0,3,No
V2,104,1236,1281,3.64,0,0,0,0,0,0,0,Yes
V2,105,2102,2168,3.14,0,0,0,0,0,0,0,Yes
V2,106,1037,1037,0.00,0,0,0,0,0,0,0,Yes
V2,107,1100,1128,2.55,0,0,0,0,0,0,0,Yes
V2,108,2524,5223,106.93,0,187,37,118,9,21,372,No
V2,109,562,562,0.00,0,0,0,0,0,0,0,Yes
V2,110,1426,1426,0.00,0,0,0,0,0,0,0,Yes
V2,111,59,59,0.00,0,0,0,0,0,0,0,Yes
V2,112,2212,4498,103.35,0,202,30,139,14,17,402,No
V2,113,1238,1238,0.00,0,0,0,0,0,0,0,Yes
V2,114,992,4443,347.88,0,214,0,44,8,0,266,No
V2,115,1663,1663,0.00,0,0,0,0,0,0,0,Yes
V2,116,649,688,6.01,0,0,0,0,0,0,0,Yes
V2,117,1539,1539,0.00,0,0,0,0,0,0,0,Yes
V2,118,1347,1443,7.13,0,0,0,0,0,0,0,Yes
V2,119,1834,1904,3.82,0,0,0,0,0,0,0,Yes
V2,120,2392,2392,0.00,0,0,0,0,0,0,0,Yes
V2,121,1218,1218,0.00,0,0,0,0,0,0,0,Yes
V2,122,1534,1559,1.63,0,0,0,0,0,0,0,Yes
V2,123,1404,1404,0.00,0,0,0,0,0,0,0,Yes
V2,124,96,112,16.67,0,0,0,0,0,0,0,Yes
V2,125,1082,1082,0.00,0,0,0,0,0,0,0,Yes
V2,126,563,3454,513.50,0,215,0,1,8,0,224,No
V2,127,655,655,0.00,0,0,0,0,0,0,0,Yes
V2,128,982,982,0.00,0,0,0,0,0,0,0,Yes
V2,129,638,638,0.00,0,0,0,0,0,0,0,Yes
V2,130,646,646,0.00,0,0,0,0,0,0,0,Yes
V2,131,1110,1170,5.41,0,0,0,0,0,0,0,Yes
V2,132,1385,1497,8.09,0,0,0,0,0,0,0,Yes
V2,133,645,679,5.27,0,0,0,0,0,0,0,Yes
V2,134,741,867,17.00,0,0,0,0,0,0,0,Yes
V2,135,1895,1972,4.06,0,0,0,0,0,0,0,Yes
V2,136,667,676,1.35,0,0,0,0,0,0,0,Yes
V2,137,874,874,0.00,0,0,0,0,0,0,0,Yes
V2,138,329,334,1.52,0,0,0,0,0,0,0,Yes
V2,139,1882,1925,2.28,0,0,0,0,0,0,0,Yes
V2,140,2525,2782,10.18,0,2,0,0,0,0,2,No
V2,141,267,275,3.00,0,0,0,0,0,0,0,Yes
V2,142,1214,1214,0.00,0,0,0,0,0,0,0,Yes
V2,143,1267,4528,257.38,0,221,0,84,7,0,312,No
V2,144,433,433,0.00,0,0,0,0,0,0,0,Yes
V2,145,2043,2205,7.93,0,0,0,0,0,0,0,Yes
V2,146,2021,2132,5.49,0,0,0,0,0,0,0,Yes
V2,147,1672,2059,23.15,0,0,0,0,0,0,0,Yes
V2,148,337,337,0.00,0,0,0,0,0,0,0,Yes
V2,149,2140,2140,0.00,0,0,0,0,0,0,0,Yes
V2,150,1577,1904,20.74,0,0,0,0,0,0,0,Yes
V2,151,2704,5554,105.40,0,197,31,169,19,25,441,No
V2,152,1667,1667,0.00,0,0,0,0,0,0,0,Yes
V2,153,1143,1347,17.85,0,0,0,0,0,0,0,Yes
V2,154,1329,1527,14.90,0,2,0,0,0,0,2,No
V2,155,517,544,5.22,0,0,0,0,0,0,0,Yes
V2,156,2335,5934,154.13,0,204,28,158,13,22,425,No
V2,157,557,557,0.00,0,0,0,0,0,0,0,Yes
V2,158,1455,4478,207.77,0,213,0,88,15,0,316,No
V2,159,507,569,12.23,0,0,0,0,0,0,0,Yes
V2,160,22,22,0.00,0,0,0,0,0,0,0,Yes
V2,161,1549,1606,3.68,0,0,0,0,0,0,0,Yes
V2,162,155,182,17.42,0,3,0,0,0,0,3,No
V2,163,658,790,20.06,0,0,0,0,0,0,0,Yes
V2,164,287,287,0.00,0,0,0,0,0,0,0,Yes
V2,165,1178,1178,0.00,0,0,0,0,0,0,0,Yes
V2,166,815,839,2.94,0,0,0,0,0,0,0,Yes
V2,167,142,142,0.00,0,0,0,0,0,0,0,Yes
V2,168,2328,2328,0.00,0,0,0,0,0,0,0,Yes
V2,169,2515,2515,0.00,0,0,0,0,0,0,0,Yes
V2,170,1699,1699,0.00,0,0,0,0,0,0,0,Yes
V2,171,1405,1469,4.56,0,0,0,0,0,0,0,Yes
V2,172,1261,1440,14.20,0,0,0,0,0,0,0,Yes
V2,173,788,788,0.00,0,0,0,0,0,0,0,Yes
V2,174,1484,1562,5.26,0,0,0,0,0,0,0,Yes
V2,175,2098,2298,9.53,0,1,0,0,0,0,1,No
V2,176,895,957,6.93,0,0,0,0,0,0,0,Yes
V2,177,1529,1684,10.14,0,0,0,0,0,0,0,Yes
V2,178,1381,1472,6.59,0,0,0,0,0,0,0,Yes
V2,179,3033,6333,108.80,0,199,34,142,16,25,416,No
V2,180,1068,1088,1.87,0,0,0,0,0,0,0,Yes
V2,181,265,276,4.15,0,0,0,0,0,0,0,Yes
V2,182,2309,2337,1.21,0,0,0,0,0,0,0,Yes
V2,183,490,714,45.71,0,14,0,0,0,0,14,No
V2,184,383,408,6.53,0,0,0,0,0,0,0,Yes
V2,185,140,140,0.00,0,0,0,0,0,0,0,Yes
V2,186,1599,4329,170.73,0,210,6,88,9,5,318,No
V2,187,829,865,4.34,0,0,0,0,0,0,0,Yes
V2,188,1564,2021,29.22,0,10,0,0,0,0,10,No
V2,189,1682,4484,166.59,0,210,10,115,8,4,347,No
V2,190,1375,1471,6.98,0,1,0,0,0,0,1,No
V2,191,817,817,0.00,0,0,0,0,0,0,0,Yes
V2,192,1458,1545,5.97,0,0,0,0,0,0,0,Yes
V2,193,543,543,0.00,0,0,0,0,0,0,0,Yes
V2,194,1121,1121,0.00,0,0,0,0,0,0,0,Yes
V2,195,1243,1589,27.84,0,0,0,0,0,0,0,Yes
V2,196,861,878,1.97,0,0,0,0,0,0,0,Yes
V2,197,360,401,11.39,0,0,0,0,0,0,0,Yes
V2,198,2965,3071,3.58,0,0,0,0,0,0,0,Yes
V2,199,431,484,12.30,0,0,0,0,0,0,0,Yes
V3,0,1972,2118,7.40,0,0,0,0,0,0,0,Yes
V3,1,120,120,0.00,0,0,0,0,0,0,0,Yes
V3,2,76,76,0.00,0,0,0,0,0,0,0,Yes
V3,3,2320,2320,0.00,0,0,0,0,0,0,0,Yes
V3,4,2464,2539,3.04,0,0,0,0,0,0,0,Yes
V3,5,1165,1347,15.62,0,0,0,0,0,0,0,Yes
V3,6,1160,1164,0.34,0,0,0,0,0,0,0,Yes
V3,7,673,673,0.00,0,0,0,0,0,0,0,Yes
V3,8,1335,1366,2.32,0,0,0,0,0,0,0,Yes
V3,9,90,97,7.78,0,0,0,0,0,0,0,Yes
V3,10,939,939,0.00,0,0,0,0,0,0,0,Yes
V3,11,741,741,0.00,0,0,0,0,0,0,0,Yes
V3,12,92,92,0.00,0,0,0,0,0,0,0,Yes
V3,13,4009,4733,18.06,2,0,5,0,2,0,9,No
V3,14,1258,1419,12.80,0,0,0,0,0,0,0,Yes
V3,15,1290,1290,0.00,0,0,0,0,0,0,0,Yes
V3,16,1715,1849,7.81,0,0,0,0,0,0,0,Yes
V3,17,1913,1913,0.00,0,0,0,0,0,0,0,Yes
V3,18,571,571,0.00,0,0,0,0,0,0,0,Yes
V3,19,2377,2377,0.00,0,0,0,0,0,0,0,Yes
V3,20,1375,1399,1.75,0,0,0,0,0,0,0,Yes
V3,21,1166,1166,0.00,0,0,0,0,0,0,0,Yes
V3,22,2331,2834,21.58,0,0,0,0,0,0,0,Yes
V3,23,1641,1641,0.00,0,0,0,0,0,0,0,Yes
V3,24,868,868,0.00,0,0,0,0,0,0,0,Yes
V3,25,1462,1462,0.00,0,0,0,0,0,0,0,Yes
V3,26,3228,3489,8.09,1,0,0,0,0,0,1,No
V3,27,1926,2193,13.86,0,0,0,0,0,0,0,Yes
V3,28,1303,1303,0.00,0,0,0,0,0,0,0,Yes
V3,29,1541,1715,11.29,0,0,0,0,0,0,0,Yes
V3,30,2579,3088,19.74,0,0,0,0,0,0,0,Yes
V3,31,1364,1633,19.72,0,0,0,0,0,0,0,Yes
V3,32,817,817,0.00,0,0,0,0,0,0,0,Yes
V3,33,2440,2440,0.00,0,0,0,0,0,0,0,Yes
V3,34,1161,1319,13.61,0,0,0,0,0,1,1,No
V3,35,567,583,2.82,0,0,0,0,0,0,0,Yes
V3,36,2848,2848,0.00,0,0,0,0,0,0,0,Yes
V3,37,955,1055,10.47,0,0,0,0,0,0,0,Yes
V3,38,1257,1346,7.08,0,0,0,0,0,0,0,Yes
V3,39,670,670,0.00,1,0,1,0,0,0,2,No
V3,40,2019,2019,0.00,0,0,0,0,0,0,0,Yes
V3,41,2732,2878,5.34,0,0,0,0,0,0,0,Yes
V3,42,1993,2125,6.62,0,0,0,0,0,0,0,Yes
V3,43,284,284,0.00,0,0,0,0,0,0,0,Yes
V3,44,1289,1340,3.96,0,0,0,0,0,0,0,Yes
V3,45,945,982,3.92,0,0,0,0,0,0,0,Yes
V3,46,1921,2065,7.50,0,0,0,0,0,0,0,Yes
V3,47,1664,1744,4.81,0,0,0,0,0,0,0,Yes
V3,48,135,135,0.00,0,0,0,0,0,0,0,Yes
V3,49,824,824,0.00,0,0,0,0,0,0,0,Yes
V3,50,2367,2524,6.63,1,0,0,0,0,0,1,No
V3,51,981,981,0.00,0,0,0,0,0,0,0,Yes
V3,52,2122,2525,18.99,1,0,0,0,0,0,1,No
V3,53,694,694,0.00,0,0,0,0,0,0,0,Yes
V3,54,1806,2174,20.38,0,0,0,0,0,0,0,Yes
V3,55,143,159,11.19,0,0,0,0,0,0,0,Yes
V3,56,2288,2593,13.33,0,0,0,0,0,0,0,Yes
V3,57,592,596,0.68,0,0,0,0,0,0,0,Yes
V3,58,198,219,10.61,0,0,0,0,0,0,0,Yes
V3,59,586,626,6.83,0,0,0,0,0,0,0,Yes
V3,60,165,165,0.00,0,0,0,0,0,0,0,Yes
V3,61,164,164,0.00,0,0,0,0,0,0,0,Yes
V3,62,1916,2340,22.13,0,0,0,0,0,0,0,Yes
V3,63,496,496,0.00,0,0,0,0,0,0,0,Yes
V3,64,1157,1157,0.00,0,0,0,0,0,0,0,Yes
V3,65,2645,3047,15.20,0,0,0,0,0,0,0,Yes
V3,66,1007,1007,0.00,0,0,0,0,0,0,0,Yes
V3,67,716,750,4.75,0,0,0,0,0,0,0,Yes
V3,68,872,959,9.98,0,0,0,0,0,0,0,Yes
V3,69,1286,1421,10.50,0,0,0,0,0,0,0,Yes
V3,70,1834,2016,9.92,0,0,0,0,0,0,0,Yes
V3,71,3031,3280,8.22,0,0,0,0,0,0,0,Yes
V3,72,1869,2057,10.06,0,0,0,0,0,0,0,Yes
V3,73,496,567,14.31,0,0,0,0,0,0,0,Yes
V3,74,731,731,0.00,0,0,0,0,0,0,0,Yes
V3,75,2569,2827,10.04,0,0,0,0,0,0,0,Yes
V3,76,877,877,0.00,0,0,0,0,0,0,0,Yes
V3,77,1879,1988,5.80,0,0,0,0,0,0,0,Yes
V3,78,947,1003,5.91,0,0,0,0,0,0,0,Yes
V3,79,789,912,15.59,0,0,0,0,0,0,0,Yes
V3,80,655,733,11.91,0,0,0,0,0,0,0,Yes
V3,81,1314,1366,3.96,0,0,0,0,0,0,0,Yes
V3,82,279,294,5.38,0,0,0,0,0,0,0,Yes
V3,83,2281,2281,0.00,0,0,0,0,0,0,0,Yes
V3,84,551,551,0.00,0,0,0,0,0,0,0,Yes
V3,85,1807,1807,0.00,0,0,0,0,0,0,0,Yes
V3,86,860,860,0.00,0,0,0,0,0,0,0,Yes
V3,87,3023,3481,15.15,0,0,0,0,0,0,0,Yes
V3,88,1125,1141,1.42,0,0,0,0,0,0,0,Yes
V3,89,1806,1806,0.00,0,0,0,0,0,0,0,Yes
V3,90,873,873,0.00,0,0,0,0,0,0,0,Yes
V3,91,2023,2200,8.75,0,0,0,0,0,0,0,Yes
V3,92,939,1012,7.77,0,0,0,0,0,0,0,Yes
V3,93,328,380,15.85,0,0,0,0,0,0,0,Yes
V3,94,519,520,0.19,0,0,0,0,0,0,0,Yes
V3,95,193,193,0.00,0,0,0,0,0,0,0,Yes
V3,96,72,72,0.00,0,0,0,0,0,0,0,Yes
V3,97,419,419,0.00,0,0,0,0,0,0,0,Yes
V3,98,499,549,10.02,0,0,0,0,0,0,0,Yes
V3,99,1806,1806,0.00,0,0,0,0,0,0,0,Yes
V3,100,1356,1356,0.00,0,0,0,0,0,0,0,Yes
V3,101,536,553,3.17,0,0,0,0,0,0,0,Yes
V3,102,987,987,0.00,0,0,0,0,0,0,0,Yes
V3,103,2179,2642,21.25,0,0,0,0,0,0,0,Yes
V3,104,1236,1309,5.91,0,0,0,0,0,0,0,Yes
V3,105,2102,2113,0.52,0,0,0,0,0,0,0,Yes
V3,106,1037,1037,0.00,0,0,0,0,0,0,0,Yes
V3,107,1100,1128,2.55,0,0,0,0,0,0,0,Yes
V3,108,2524,3037,20.32,0,1,0,0,0,0,1,No
V3,109,562,562,0.00,0,0,0,0,0,0,0,Yes
V3,110,1426,1426,0.00,0,0,0,0,0,0,0,Yes
V3,111,59,59,0.00,0,0,0,0,0,0,0,Yes
V3,112,2212,2467,11.53,0,0,0,0,0,0,0,Yes
V3,113,1238,1238,0.00,0,0,0,0,0,0,0,Yes
V3,114,992,1112,12.10,0,0,0,0,0,0,0,Yes
V3,115,1663,1682,1.14,0,0,0,0,0,0,0,Yes
V3,116,649,727,12.02,0,0,0,0,0,0,0,Yes
V3,117,1539,1539,0.00,0,0,0,0,0,0,0,Yes
V3,118,1347,1475,9.50,0,0,0,0,0,0,0,Yes
V3,119,1834,1834,0.00,0,0,0,0,0,0,0,Yes
V3,120,2392,2425,1.38,0,0,0,0,0,0,0,Yes
V3,121,1218,1218,0.00,0,0,0,0,0,0,0,Yes
V3,122,1534,1637,6.71,0,0,0,0,0,0,0,Yes
V3,123,1404,1404,0.00,0,0,0,0,0,0,0,Yes
V3,124,96,111,15.62,0,0,0,0,0,0,0,Yes
V3,125,1082,1082,0.00,0,0,0,0,0,0,0,Yes
V3,126,563,609,8.17,0,0,0,0,0,0,0,Yes
V3,127,655,662,1.07,0,0,0,0,0,0,0,Yes
V3,128,982,982,0.00,0,0,0,0,0,0,0,Yes
V3,129,638,638,0.00,0,0,0,0,0,0,0,Yes
V3,130,646,646,0.00,0,0,0,0,0,0,0,Yes
V3,131,1110,1181,6.40,0,0,0,0,0,0,0,Yes
V3,132,1385,1630,17.69,0,0,0,0,0,0,0,Yes
V3,133,645,679,5.27,0,0,0,0,0,0,0,Yes
V3,134,741,845,14.04,0,0,0,0,0,0,0,Yes
V3,135,1895,1895,0.00,0,0,0,0,0,0,0,Yes
V3,136,667,676,1.35,0,0,0,0,0,0,0,Yes
V3,137,874,874,0.00,0,0,0,0,0,0,0,Yes
V3,138,329,329,0.00,0,0,0,0,0,0,0,Yes
V3,139,1882,2239,18.97,0,0,0,0,0,0,0,Yes
V3,140,2525,2657,5.23,0,0,0,0,0,0,0,Yes
V3,141,267,267,0.00,0,0,0,0,0,0,0,Yes
V3,142,1214,1214,0.00,0,0,0,0,0,0,0,Yes
V3,143,1267,1371,8.21,0,0,0,0,0,0,0,Yes
V3,144,433,433,0.00,0,0,0,0,0,0,0,Yes
V3,145,2043,2117,3.62,0,0,0,0,0,0,0,Yes
V3,146,2021,2147,6.23,0,0,0,0,0,0,0,Yes
V3,147,1672,1733,3.65,0,0,0,0,0,0,0,Yes
V3,148,337,337,0.00,0,0,0,0,0,0,0,Yes
V3,149,2140,2140,0.00,0,0,0,0,0,0,0,Yes
V3,150,1577,1750,10.97,0,0,0,0,0,0,0,Yes
V3,151,2704,2905,7.43,0,0,0,0,0,0,0,Yes
V3,152,1667,1667,0.00,0,0,0,0,0,0,0,Yes
V3,153,1143,1252,9.54,0,0,0,0,0,0,0,Yes
V3,154,1329,1525,14.75,0,0,0,0,0,0,0,Yes
V3,155,517,544,5.22,0,0,0,0,0,0,0,Yes
V3,156,2335,2641,13.10,0,0,0,0,0,0,0,Yes
V3,157,557,557,0.00,0,0,0,0,0,0,0,Yes
V3,158,1455,1600,9.97,0,0,0,0,0,0,0,Yes
V3,159,507,569,12.23,0,0,0,0,0,0,0,Yes
V3,160,22,22,0.00,0,0,0,0,0,0,0,Yes
V3,161,1549,1628,5.10,0,0,0,0,0,0,0,Yes
V3,162,155,177,14.19,0,0,0,0,0,0,0,Yes
V3,163,658,658,0.00,0,0,0,0,0,0,0,Yes
V3,164,287,355,23.69,0,0,0,0,0,0,0,Yes
V3,165,1178,1178,0.00,0,0,0,0,0,0,0,Yes
V3,166,815,839,2.94,0,0,0,0,0,0,0,Yes
V3,167,142,142,0.00,0,0,0,0,0,0,0,Yes
V3,168,2328,2328,0.00,0,0,0,0,0,0,0,Yes
V3,169,2515,2515,0.00,0,0,0,0,0,0,0,Yes
V3,170,1699,1699,0.00,0,0,0,0,0,0,0,Yes
V3,171,1405,1432,1.92,0,0,0,0,0,0,0,Yes
V3,172,1261,1309,3.81,0,0,0,0,0,0,0,Yes
V3,173,788,788,0.00,0,0,0,0,0,0,0,Yes
V3,174,1484,1562,5.26,0,0,0,0,0,0,0,Yes
V3,175,2098,2107,0.43,0,0,0,0,0,0,0,Yes
V3,176,895,957,6.93,0,0,0,0,0,0,0,Yes
V3,177,1529,1685,10.20,0,0,0,0,0,0,0,Yes
V3,178,1381,1434,3.84,0,0,0,0,0,0,0,Yes
V3,179,3033,3316,9.33,1,0,0,0,0,0,1,No
V3,180,1068,1068,0.00,0,0,0,0,0,0,0,Yes
V3,181,265,269,1.51,0,0,0,0,0,0,0,Yes
V3,182,2309,2409,4.33,0,0,0,0,0,0,0,Yes
V3,183,490,512,4.49,0,0,0,0,0,0,0,Yes
V3,184,383,389,1.57,0,0,0,0,0,0,0,Yes
V3,185,140,143,2.14,0,0,0,0,0,0,0,Yes
V3,186,1599,1911,19.51,0,0,0,0,0,0,0,Yes
V3,187,829,904,9.05,0,0,0,0,0,0,0,Yes
V3,188,1564,1598,2.17,0,0,0,0,0,0,0,Yes
V3,189,1682,1844,9.63,0,0,0,0,0,0,0,Yes
V3,190,1375,1387,0.87,0,0,0,0,0,0,0,Yes
V3,191,817,817,0.00,0,0,0,0,0,0,0,Yes
V3,192,1458,1550,6.31,0,0,0,0,0,0,0,Yes
V3,193,543,543,0.00,0,0,0,0,0,0,0,Yes
V3,194,1121,1121,0.00,0,0,0,0,0,0,0,Yes
V3,195,1243,1404,12.95,0,0,0,0,0,0,0,Yes
V3,196,861,878,1.97,0,0,0,0,0,0,0,Yes
V3,197,360,403,11.94,0,0,0,0,0,0,0,Yes
V3,198,2965,3011,1.55,0,0,0,0,0,0,0,Yes
V3,199,431,436,1.16,0,0,0,0,0,0,0,Yes
V4,0,1972,2135,8.27,0,0,0,0,0,0,0,Yes
V4,1,120,120,0.00,0,0,0,0,0,0,0,Yes
V4,2,76,76,0.00,0,0,0,0,0,0,0,Yes
V4,3,2320,2445,5.39,0,0,0,0,0,0,0,Yes
V4,4,2464,2539,3.04,0,0,0,0,0,0,0,Yes
V4,5,1165,1406,20.69,0,0,0,0,0,0,0,Yes
V4,6,1160,1205,3.88,0,0,0,0,0,0,0,Yes
V4,7,673,673,0.00,0,0,0,0,0,0,0,Yes
V4,8,1335,1366,2.32,0,0,0,0,0,0,0,Yes
V4,9,90,95,5.56,0,0,0,1,0,0,1,No
V4,10,939,939,0.00,0,0,0,0,0,0,0,Yes
V4,11,741,741,0.00,0,0,0,0,0,0,0,Yes
V4,12,92,92,0.00,0,0,0,0,0,0,0,Yes
V4,13,4009,4932,23.02,1,0,2,0,1,0,4,No
V4,14,1258,1510,20.03,0,0,0,0,0,0,0,Yes
V4,15,1290,1290,0.00,0,0,0,0,0,0,0,Yes
V4,16,1715,1928,12.42,0,0,0,0,0,0,0,Yes
V4,17,1913,1992,4.13,0,0,0,0,0,0,0,Yes
V4,18,571,571,0.00,0,0,0,0,0,0,0,Yes
V4,19,2377,2377,0.00,0,0,0,0,0,0,0,Yes
V4,20,1375,1399,1.75,0,0,0,0,0,0,0,Yes
V4,21,1166,1166,0.00,0,0,0,0,0,0,0,Yes
V4,22,2331,2817,20.85,1,0,0,0,0,0,1,No
V4,23,1641,1641,0.00,0,0,0,0,0,0,0,Yes
V4,24,868,868,0.00,0,0,0,0,0,0,0,Yes
V4,25,1462,1462,0.00,0,0,0,0,0,0,0,Yes
V4,26,3228,3827,18.56,0,0,0,0,0,0,0,Yes
V4,27,1926,2193,13.86,0,0,0,0,0,0,0,Yes
V4,28,1303,1370,5.14,0,0,0,0,0,0,0,Yes
V4,29,1541,1719,11.55,0,0,0,0,0,0,0,Yes
V4,30,2579,2840,10.12,0,0,0,0,0,0,0,Yes
V4,31,1364,1633,19.72,0,0,0,0,0,0,0,Yes
V4,32,817,817,0.00,0,0,0,0,0,0,0,Yes
V4,33,2440,2440,0.00,0,0,0,0,0,0,0,Yes
V4,34,1161,1350,16.28,0,0,0,0,0,0,0,Yes
V4,35,567,583,2.82,0,0,0,0,0,0,0,Yes
V4,36,2848,3009,5.65,0,0,0,0,0,0,0,Yes
V4,37,955,1052,10.16,0,0,0,0,0,0,0,Yes
V4,38,1257,1496,19.01,0,0,0,0,0,0,0,Yes
V4,39,670,670,0.00,0,0,0,0,0,0,0,Yes
V4,40,2019,2037,0.89,0,0,0,0,0,0,0,Yes
V4,41,2732,2878,5.34,0,0,0,0,0,0,0,Yes
V4,42,1993,2125,6.62,0,0,0,0,0,0,0,Yes
V4,43,284,297,4.58,0,0,0,0,0,0,0,Yes
V4,44,1289,1340,3.96,0,0,0,0,0,0,0,Yes
V4,45,945,982,3.92,0,0,0,0,0,0,0,Yes
V4,46,1921,2222,15.67,0,0,0,0,0,0,0,Yes
V4,47,1664,1744,4.81,0,0,0,0,0,0,0,Yes
V4,48,135,142,5.19,0,0,0,0,0,0,0,Yes
V4,49,824,824,0.00,0,0,0,0,0,0,0,Yes
V4,50,2367,4449,87.96,0,15,0,0,1,0,16,No
V4,51,981,981,0.00,0,0,0,0,0,0,0,Yes
V4,52,2122,2354,10.93,1,0,0,0,0,0,1,No
V4,53,694,694,0.00,0,0,0,0,0,0,0,Yes
V4,54,1806,1806,0.00,0,0,0,0,0,0,0,Yes
V4,55,143,148,3.50,0,0,0,0,0,0,0,Yes
V4,56,2288,2529,10.53,0,0,0,0,0,1,1,No
V4,57,592,606,2.36,0,0,0,0,0,0,0,Yes
V4,58,198,215,8.59,0,0,0,0,0,0,0,Yes
V4,59,586,626,6.83,0,0,0,0,0,0,0,Yes
V4,60,165,165,0.00,0,0,0,0,0,0,0,Yes
V4,61,164,164,0.00,0,0,0,0,0,0,0,Yes
V4,62,1916,2340,22.13,0,0,0,0,0,0,0,Yes
V4,63,496,496,0.00,0,0,0,0,0,0,0,Yes
V4,64,1157,1157,0.00,0,0,0,0,0,0,0,Yes
V4,65,2645,2837,7.26,0,0,0,0,0,0,0,Yes
V4,66,1007,1007,0.00,0,0,0,0,0,0,0,Yes
V4,67,716,750,4.75,0,0,0,0,0,0,0,Yes
V4,68,872,1068,22.48,1,1,0,0,0,0,2,No
V4,69,1286,1429,11.12,0,3,0,0,0,0,3,No
V4,70,1834,2016,9.92,0,0,0,0,0,0,0,Yes
V4,71,3031,3360,10.85,0,0,0,0,0,0,0,Yes
V4,72,1869,2181,16.69,0,0,0,0,0,0,0,Yes
V4,73,496,577,16.33,0,0,0,0,0,0,0,Yes
V4,74,731,731,0.00,0,0,0,0,0,0,0,Yes
V4,75,2569,2827,10.04,0,0,0,0,0,0,0,Yes
V4,76,877,877,0.00,0,0,0,0,0,0,0,Yes
V4,77,1879,1988,5.80,0,0,0,0,0,0,0,Yes
V4,78,947,950,0.32,0,0,0,0,0,0,0,Yes
V4,79,789,5272,568.19,0,188,0,0,15,0,203,No
V4,80,655,733,11.91,0,0,0,0,0,0,0,Yes
V4,81,1314,1366,3.96,0,0,0,0,0,0,0,Yes
V4,82,279,294,5.38,0,0,0,0,0,0,0,Yes
V4,83,2281,2281,0.00,0,0,0,0,0,0,0,Yes
V4,84,551,551,0.00,0,0,0,0,0,0,0,Yes
V4,85,1807,1807,0.00,0,0,0,0,0,0,0,Yes
V4,86,860,860,0.00,0,0,0,0,0,0,0,Yes
V4,87,3023,3481,15.15,0,0,0,0,0,0,0,Yes
V4,88,1125,1141,1.42,0,0,0,0,0,0,0,Yes
V4,89,1806,1806,0.00,0,0,0,0,0,0,0,Yes
V4,90,873,873,0.00,0,0,0,0,0,0,0,Yes
V4,91,2023,2200,8.75,0,0,0,0,0,0,0,Yes
V4,92,939,1012,7.77,0,0,0,0,0,0,0,Yes
V4,93,328,380,15.85,0,0,0,0,0,0,0,Yes
V4,94,519,520,0.19,0,0,0,0,0,0,0,Yes
V4,95,193,193,0.00,0,0,0,0,0,0,0,Yes
V4,96,72,72,0.00,0,0,0,0,0,0,0,Yes
V4,97,419,419,0.00,0,0,0,0,0,0,0,Yes
V4,98,499,549,10.02,0,0,0,0,0,0,0,Yes
V4,99,1806,1806,0.00,0,0,0,0,0,0,0,Yes
V4,100,1356,1356,0.00,0,0,0,0,0,0,0,Yes
V4,101,536,588,9.70,0,0,0,0,0,0,0,Yes
V4,102,987,987,0.00,0,0,0,0,0,0,0,Yes
V4,103,2179,2490,14.27,0,0,0,0,0,0,0,Yes
V4,104,1236,1281,3.64,0,0,0,0,0,0,0,Yes
V4,105,2102,2132,1.43,0,0,0,0,0,0,0,Yes
V4,106,1037,1037,0.00,0,0,0,0,0,0,0,Yes
V4,107,1100,1128,2.55,0,0,0,0,0,0,0,Yes
V4,108,2524,2792,10.62,1,0,0,0,0,0,1,No
V4,109,562,562,0.00,0,0,0,0,0,0,0,Yes
V4,110,1426,1426,0.00,0,0,0,0,0,0,0,Yes
V4,111,59,59,0.00,0,0,0,0,0,0,0,Yes
V4,112,2212,2467,11.53,0,0,0,0,0,0,0,Yes
V4,113,1238,1238,0.00,0,0,0,0,0,0,0,Yes
V4,114,992,1001,0.91,1,0,0,0,0,0,1,No
V4,115,1663,1761,5.89,0,0,0,0,0,0,0,Yes
V4,116,649,707,8.94,0,0,0,0,0,0,0,Yes
V4,117,1539,1539,0.00,0,0,0,0,0,0,0,Yes
V4,118,1347,1432,6.31,0,0,0,0,0,0,0,Yes
V4,119,1834,1834,0.00,0,0,0,0,0,0,0,Yes
V4,120,2392,2392,0.00,0,0,0,0,0,0,0,Yes
V4,121,1218,1218,0.00,0,0,0,0,0,0,0,Yes
V4,122,1534,1637,6.71,0,0,0,0,0,0,0,Yes
V4,123,1404,1404,0.00,0,0,0,0,0,0,0,Yes
V4,124,96,111,15.62,0,0,0,0,0,0,0,Yes
V4,125,1082,1082,0.00,0,0,0,0,0,0,0,Yes
V4,126,563,645,14.56,0,0,0,0,0,0,0,Yes
V4,127,655,662,1.07,0,0,0,0,0,0,0,Yes
V4,128,982,982,0.00,0,0,0,0,0,0,0,Yes
V4,129,638,638,0.00,0,0,0,0,0,0,0,Yes
V4,130,646,646,0.00,0,0,0,0,0,0,0,Yes
V4,131,1110,1110,0.00,0,0,0,0,0,0,0,Yes
V4,132,1385,1630,17.69,0,0,0,0,0,0,0,Yes
V4,133,645,645,0.00,0,0,0,0,0,0,0,Yes
V4,134,741,784,5.80,0,0,0,0,0,0,0,Yes
V4,135,1895,1895,0.00,0,0,0,0,0,0,0,Yes
V4,136,667,676,1.35,0,0,0,0,0,0,0,Yes
V4,137,874,874,0.00,0,0,0,0,0,0,0,Yes
V4,138,329,329,0.00,0,0,0,0,0,0,0,Yes
V4,139,1882,2171,15.36,0,0,0,0,0,0,0,Yes
V4,140,2525,2657,5.23,0,0,0,0,0,0,0,Yes
V4,141,267,275,3.00,0,0,0,0,0,0,0,Yes
V4,142,1214,1214,0.00,0,0,0,0,0,0,0,Yes
V4,143,1267,1359,7.26,0,0,0,0,0,0,0,Yes
V4,144,433,433,0.00,0,0,0,0,0,0,0,Yes
V4,145,2043,2117,3.62,0,0,0,0,0,0,0,Yes
V4,146,2021,2147,6.23,0,0,0,0,0,0,0,Yes
V4,147,1672,1795,7.36,0,0,0,0,0,0,0,Yes
V4,148,337,337,0.00,0,0,0,0,0,0,0,Yes
V4,149,2140,2140,0.00,0,0,0,0,0,0,0,Yes
V4,150,1577,1811,14.84,0,0,0,0,0,0,0,Yes
V4,151,2704,3020,11.69,0,0,0,0,0,0,0,Yes
V4,152,1667,1667,0.00,0,0,0,0,0,0,0,Yes
V4,153,1143,1252,9.54,0,0,0,0,0,0,0,Yes
V4,154,1329,1482,11.51,0,0,0,0,0,0,0,Yes
V4,155,517,544,5.22,0,0,0,0,0,0,0,Yes
V4,156,2335,2464,5.52,0,0,0,0,0,0,0,Yes
V4,157,557,557,0.00,0,0,0,0,0,0,0,Yes
V4,158,1455,1600,9.97,0,0,0,0,0,0,0,Yes
V4,159,507,569,12.23,0,0,0,0,0,0,0,Yes
V4,160,22,22,0.00,0,0,0,0,0,0,0,Yes
V4,161,1549,1628,5.10,0,0,0,0,0,0,0,Yes
V4,162,155,174,12.26,0,0,0,0,0,0,0,Yes
V4,163,658,658,0.00,0,0,0,0,0,0,0,Yes
V4,164,287,355,23.69,0,0,0,0,0,0,0,Yes
V4,165,1178,1178,0.00,0,0,0,0,0,0,0,Yes
V4,166,815,839,2.94,0,0,0,0,0,0,0,Yes
V4,167,142,142,0.00,0,0,0,0,0,0,0,Yes
V4,168,2328,2328,0.00,0,0,0,0,0,0,0,Yes
V4,169,2515,2515,0.00,0,0,0,0,0,0,0,Yes
V4,170,1699,1699,0.00,0,0,0,0,0,0,0,Yes
V4,171,1405,1432,1.92,0,0,0,0,0,0,0,Yes
V4,172,1261,1321,4.76,0,0,0,0,0,0,0,Yes
V4,173,788,788,0.00,0,0,0,0,0,0,0,Yes
V4,174,1484,1562,5.26,0,0,0,0,0,0,0,Yes
V4,175,2098,2372,13.06,0,0,0,0,0,0,0,Yes
V4,176,895,957,6.93,0,0,0,0,0,0,0,Yes
V4,177,1529,1685,10.20,0,0,0,0,0,0,0,Yes
V4,178,1381,1434,3.84,0,0,0,0,0,0,0,Yes
V4,179,3033,3421,12.79,0,0,0,0,0,0,0,Yes
V4,180,1068,1068,0.00,0,0,0,0,0,0,0,Yes
V4,181,265,271,2.26,0,0,0,0,0,0,0,Yes
V4,182,2309,2378,2.99,0,0,0,0,0,0,0,Yes
V4,183,490,512,4.49,0,0,0,0,0,0,0,Yes
V4,184,383,403,5.22,0,0,0,0,0,0,0,Yes
V4,185,140,143,2.14,0,0,0,0,0,0,0,Yes
V4,186,1599,1911,19.51,0,0,0,0,0,0,0,Yes
V4,187,829,904,9.05,0,0,0,0,0,0,0,Yes
V4,188,1564,1598,2.17,0,0,0,0,0,0,0,Yes
V4,189,1682,1850,9.99,0,0,0,0,0,0,0,Yes
V4,190,1375,1378,0.22,0,0,0,0,0,0,0,Yes
V4,191,817,854,4.53,0,0,0,0,0,0,0,Yes
V4,192,1458,1518,4.12,0,0,0,0,0,0,0,Yes
V4,193,543,543,0.00,0,0,0,0,0,0,0,Yes
V4,194,1121,1121,0.00,0,0,0,0,0,0,0,Yes
V4,195,1243,1404,12.95,0,0,0,0,0,0,0,Yes
V4,196,861,878,1.97,0,0,0,0,0,0,0,Yes
V4,197,360,396,10.00,0,0,0,0,0,0,0,Yes
V4,198,2965,3011,1.55,0,0,0,0,0,0,0,Yes
V4,199,431,436,1.16,0,0,0,0,0,0,0,Yes
V5,0,1972,2108,6.90,0,0,0,0,0,0,0,Yes
V5,1,120,120,0.00,0,0,0,0,0,0,0,Yes
V5,2,76,76,0.00,0,0,0,0,0,0,0,Yes
V5,3,2320,2320,0.00,0,0,0,0,0,0,0,Yes
V5,4,2464,2539,3.04,0,0,0,0,0,0,0,Yes
V5,5,1165,1348,15.71,0,0,0,0,0,0,0,Yes
V5,6,1160,1236,6.55,0,0,0,0,0,0,0,Yes
V5,7,673,673,0.00,0,0,0,0,0,0,0,Yes
V5,8,1335,1366,2.32,0,0,0,0,0,0,0,Yes
V5,9,90,109,21.11,0,0,0,1,0,0,1,No
V5,10,939,939,0.00,0,0,0,0,0,0,0,Yes
V5,11,741,741,0.00,0,0,0,0,0,0,0,Yes
V5,12,92,92,0.00,0,0,0,0,0,0,0,Yes
V5,13,4009,4470,11.50,3,0,5,0,3,2,13,No
V5,14,1258,1342,6.68,0,0,0,0,0,0,0,Yes
V5,15,1290,1390,7.75,0,0,0,0,0,0,0,Yes
V5,16,1715,1806,5.31,0,0,0,0,0,0,0,Yes
V5,17,1913,1913,0.00,0,0,0,0,0,0,0,Yes
V5,18,571,571,0.00,0,0,0,0,0,0,0,Yes
V5,19,2377,2377,0.00,0,0,0,0,0,0,0,Yes
V5,20,1375,1403,2.04,0,0,0,0,0,0,0,Yes
V5,21,1166,1166,0.00,0,0,0,0,0,0,0,Yes
V5,22,2331,2649,13.64,0,0,0,0,0,0,0,Yes
V5,23,1641,1641,0.00,0,0,0,0,0,0,0,Yes
V5,24,868,868,0.00,0,0,0,0,0,0,0,Yes
V5,25,1462,1462,0.00,0,0,0,0,0,0,0,Yes
V5,26,3228,3901,20.85,0,0,0,0,0,0,0,Yes
V5,27,1926,2256,17.13,0,0,0,0,0,0,0,Yes
V5,28,1303,1336,2.53,0,0,0,0,0,0,0,Yes
V5,29,1541,1629,5.71,0,0,0,0,0,0,0,Yes
V5,30,2579,2840,10.12,0,0,0,0,0,0,0,Yes
V5,31,1364,1588,16.42,0,0,0,0,0,0,0,Yes
V5,32,817,822,0.61,0,0,0,0,0,0,0,Yes
V5,33,2440,2440,0.00,0,0,0,0,0,0,0,Yes
V5,34,1161,1348,16.11,0,6,0,0,0,0,6,No
V5,35,567,573,1.06,0,0,0,0,0,0,0,Yes
V5,36,2848,2976,4.49,0,0,0,0,0,0,0,Yes
V5,37,955,1036,8.48,0,0,0,0,0,0,0,Yes
V5,38,1257,1540,22.51,0,0,0,0,0,0,0,Yes
V5,39,670,670,0.00,0,0,0,0,0,0,0,Yes
V5,40,2019,2019,0.00,0,0,0,0,0,0,0,Yes
V5,41,2732,2746,0.51,0,0,0,0,0,0,0,Yes
V5,42,1993,1998,0.25,0,0,0,0,0,0,0,Yes
V5,43,284,284,0.00,0,0,0,0,0,0,0,Yes
V5,44,1289,1345,4.34,0,0,0,0,0,0,0,Yes
V5,45,945,951,0.63,0,0,0,0,0,0,0,Yes
V5,46,1921,2065,7.50,0,0,0,0,0,0,0,Yes
V5,47,1664,1777,6.79,0,0,0,0,0,0,0,Yes
V5,48,135,135,0.00,0,0,0,0,0,0,0,Yes
V5,49,824,824,0.00,0,0,0,0,0,0,0,Yes
V5,50,2367,2644,11.70,0,4,0,0,0,0,4,No
V5,51,981,1045,6.52,0,0,0,0,0,0,0,Yes
V5,52,2122,2801,32.00,0,4,0,0,0,0,4,No
V5,53,694,694,0.00,0,0,0,0,0,0,0,Yes
V5,54,1806,2016,11.63,0,0,0,0,0,0,0,Yes
V5,55,143,149,4.20,0,0,0,0,0,0,0,Yes
V5,56,2288,2674,16.87,0,0,0,0,0,0,0,Yes
V5,57,592,606,2.36,0,0,0,0,0,0,0,Yes
V5,58,198,219,10.61,0,0,0,0,0,0,0,Yes
V5,59,586,607,3.58,0,0,0,0,0,0,0,Yes
V5,60,165,165,0.00,0,0,0,0,0,0,0,Yes
V5,61,164,164,0.00,0,0,0,0,0,0,0,Yes
V5,62,1916,2087,8.92,0,0,0,0,0,0,0,Yes
V5,63,496,496,0.00,0,0,0,0,0,0,0,Yes
V5,64,1157,1157,0.00,0,0,0,0,0,0,0,Yes
V5,65,2645,2875,8.70,0,0,0,0,0,0,0,Yes
V5,66,1007,1007,0.00,0,0,0,0,0,0,0,Yes
V5,67,716,750,4.75,0,0,0,0,0,0,0,Yes
V5,68,872,1166,33.72,0,6,4,0,0,1,11,No
V5,69,1286,1461,13.61,0,0,0,0,0,1,1,No
V5,70,1834,2086,13.74,0,0,0,0,0,0,0,Yes
V5,71,3031,3263,7.65,0,0,0,0,0,0,0,Yes
V5,72,1869,2104,12.57,0,0,0,0,0,0,0,Yes
V5,73,496,592,19.35,0,0,0,0,0,0,0,Yes
V5,74,731,731,0.00,0,0,0,0,0,0,0,Yes
V5,75,2569,2729,6.23,0,0,0,0,0,0,0,Yes
V5,76,877,877,0.00,0,0,0,0,0,0,0,Yes
V5,77,1879,2052,9.21,0,0,0,0,0,0,0,Yes
V5,78,947,997,5.28,0,0,0,0,0,0,0,Yes
V5,79,789,883,11.91,0,0,0,0,0,0,0,Yes
V5,80,655,683,4.27,0,0,0,0,0,0,0,Yes
V5,81,1314,1356,3.20,0,0,0,0,0,0,0,Yes
V5,82,279,301,7.89,0,0,0,0,0,0,0,Yes
V5,83,2281,2480,8.72,0,0,0,0,0,0,0,Yes
V5,84,551,551,0.00,0,0,0,0,0,0,0,Yes
V5,85,1807,1807,0.00,0,0,0,0,0,0,0,Yes
V5,86,860,860,0.00,0,0,0,0,0,0,0,Yes
V5,87,3023,3575,18.26,0,0,0,0,0,0,0,Yes
V5,88,1125,1141,1.42,0,0,0,0,0,0,0,Yes
V5,89,1806,1806,0.00,0,0,0,0,0,0,0,Yes
V5,90,873,873,0.00,0,0,0,0,0,0,0,Yes
V5,91,2023,2116,4.60,0,0,0,0,0,0,0,Yes
V5,92,939,1084,15.44,0,0,0,0,0,0,0,Yes
V5,93,328,328,0.00,0,0,0,0,0,0,0,Yes
V5,94,519,547,5.39,0,0,0,0,0,0,0,Yes
V5,95,193,193,0.00,0,0,0,0,0,0,0,Yes
V5,96,72,72,0.00,0,0,0,0,0,0,0,Yes
V5,97,419,419,0.00,0,0,0,0,0,0,0,Yes
V5,98,499,566,13.43,0,0,0,0,0,0,0,Yes
V5,99,1806,1806,0.00,0,0,0,0,0,0,0,Yes
V5,100,1356,1356,0.00,0,0,0,0,0,0,0,Yes
V5,101,536,562,4.85,0,0,0,0,0,0,0,Yes
V5,102,987,987,0.00,0,0,0,0,0,0,0,Yes
V5,103,2179,2642,21.25,0,0,0,0,0,0,0,Yes
V5,104,1236,1309,5.91,0,0,0,0,0,0,0,Yes
V5,105,2102,2168,3.14,0,0,0,0,0,0,0,Yes
V5,106,1037,1037,0.00,0,0,0,0,0,0,0,Yes
V5,107,1100,1146,4.18,0,0,0,0,0,0,0,Yes
V5,108,2524,3076,21.87,0,3,0,0,0,0,3,No
V5,109,562,562,0.00,0,0,0,0,0,0,0,Yes
V5,110,1426,1426,0.00,0,0,0,0,0,0,0,Yes
V5,111,59,59,0.00,0,0,0,0,0,0,0,Yes
V5,112,2212,2638,19.26,0,1,0,0,0,0,1,No
V5,113,1238,1238,0.00,0,0,0,0,0,0,0,Yes
V5,114,992,1116,12.50,0,0,0,0,0,0,0,Yes
V5,115,1663,1682,1.14,0,0,0,0,0,0,0,Yes
V5,116,649,693,6.78,0,0,0,0,0,0,0,Yes
V5,117,1539,1539,0.00,0,0,0,0,0,0,0,Yes
V5,118,1347,1446,7.35,0,0,0,0,0,0,0,Yes
V5,119,1834,1904,3.82,0,0,0,0,0,0,0,Yes
V5,120,2392,2392,0.00,0,0,0,0,0,0,0,Yes
V5,121,1218,1218,0.00,0,0,0,0,0,0,0,Yes
V5,122,1534,1626,6.00,0,0,0,0,0,0,0,Yes
V5,123,1404,1404,0.00,0,0,0,0,0,0,0,Yes
V5,124,96,111,15.62,0,0,0,0,0,0,0,Yes
V5,125,1082,1082,0.00,0,0,0,0,0,0,0,Yes
V5,126,563,605,7.46,1,0,0,0,0,0,1,No
V5,127,655,655,0.00,0,0,0,0,0,0,0,Yes
V5,128,982,982,0.00,0,0,0,0,0,0,0,Yes
V5,129,638,638,0.00,0,0,0,0,0,0,0,Yes
V5,130,646,646,0.00,0,0,0,0,0,0,0,Yes
V5,131,1110,1110,0.00,0,0,0,0,0,0,0,Yes
V5,132,1385,1566,13.07,0,0,0,0,0,0,0,Yes
V5,133,645,682,5.74,0,0,0,0,0,0,0,Yes
V5,134,741,856,15.52,0,0,0,0,0,0,0,Yes
V5,135,1895,1895,0.00,0,0,0,0,0,0,0,Yes
V5,136,667,676,1.35,0,0,0,0,0,0,0,Yes
V5,137,874,874,0.00,0,0,0,0,0,0,0,Yes
V5,138,329,329,0.00,0,0,0,0,0,0,0,Yes
V5,139,1882,1943,3.24,0,0,0,0,0,0,0,Yes
V5,140,2525,2782,10.18,0,0,0,0,0,0,0,Yes
V5,141,267,275,3.00,0,0,0,0,0,0,0,Yes
V5,142,1214,1214,0.00,0,0,0,0,0,0,0,Yes
V5,143,1267,1486,17.28,0,0,0,0,0,0,0,Yes
V5,144,433,433,0.00,0,0,0,0,0,0,0,Yes
V5,145,2043,2259,10.57,0,0,0,0,0,0,0,Yes
V5,146,2021,2323,14.94,0,0,0,0,0,0,0,Yes
V5,147,1672,1768,5.74,0,0,0,0,0,0,0,Yes
V5,148,337,337,0.00,0,0,0,0,0,0,0,Yes
V5,149,2140,2140,0.00,0,0,0,0,0,0,0,Yes
V5,150,1577,1904,20.74,0,0,0,0,0,0,0,Yes
V5,151,2704,3031,12.09,0,0,0,0,0,0,0,Yes
V5,152,1667,1667,0.00,0,0,0,0,0,0,0,Yes
V5,153,1143,1216,6.39,0,0,0,0,0,0,0,Yes
V5,154,1329,1463,10.08,0,0,0,0,0,0,0,Yes
V5,155,517,544,5.22,0,0,0,0,0,1,1,No
V5,156,2335,2686,15.03,0,0,0,0,0,0,0,Yes
V5,157,557,557,0.00,0,0,0,0,0,0,0,Yes
V5,158,1455,1567,7.70,0,0,0,0,0,0,0,Yes
V5,159,507,583,14.99,0,0,0,0,0,0,0,Yes
V5,160,22,22,0.00,0,0,0,0,0,0,0,Yes
V5,161,1549,1739,12.27,0,0,0,0,0,0,0,Yes
V5,162,155,181,16.77,0,0,0,0,0,0,0,Yes
V5,163,658,670,1.82,0,0,0,0,0,0,0,Yes
V5,164,287,355,23.69,0,0,0,0,0,0,0,Yes
V5,165,1178,1178,0.00,0,0,0,0,0,0,0,Yes
V5,166,815,839,2.94,0,0,0,0,0,0,0,Yes
V5,167,142,142,0.00,0,0,0,0,0,0,0,Yes
V5,168,2328,2328,0.00,0,0,0,0,0,0,0,Yes
V5,169,2515,2515,0.00,0,0,0,0,0,0,0,Yes
V5,170,1699,1699,0.00,0,0,0,0,0,0,0,Yes
V5,171,1405,1419,1.00,0,0,0,0,0,0,0,Yes
V5,172,1261,1440,14.20,0,0,0,0,0,0,0,Yes
V5,173,788,788,0.00,0,0,0,0,0,0,0,Yes
V5,174,1484,1562,5.26,0,0,0,0,0,0,0,Yes
V5,175,2098,2365,12.73,0,0,0,0,0,0,0,Yes
V5,176,895,957,6.93,0,0,0,0,0,0,0,Yes
V5,177,1529,1643,7.46,0,0,0,0,0,0,0,Yes
V5,178,1381,1434,3.84,0,0,0,0,0,0,0,Yes
V5,179,3033,3426,12.96,0,0,0,0,0,0,0,Yes
V5,180,1068,1068,0.00,0,0,0,0,0,0,0,Yes
V5,181,265,267,0.75,0,0,0,0,0,0,0,Yes
V5,182,2309,2309,0.00,0,0,0,0,0,0,0,Yes
V5,183,490,517,5.51,0,0,0,0,0,0,0,Yes
V5,184,383,385,0.52,0,0,0,0,0,0,0,Yes
V5,185,140,143,2.14,0,0,0,0,0,0,0,Yes
V5,186,1599,1826,14.20,0,0,0,0,0,0,0,Yes
V5,187,829,859,3.62,0,0,0,0,0,0,0,Yes
V5,188,1564,1707,9.14,0,0,0,0,0,0,0,Yes
V5,189,1682,1780,5.83,0,0,0,0,0,0,0,Yes
V5,190,1375,1387,0.87,0,0,0,0,0,0,0,Yes
V5,191,817,934,14.32,0,0,0,0,0,0,0,Yes
V5,192,1458,1544,5.90,0,0,0,0,0,0,0,Yes
V5,193,543,543,0.00,0,0,0,0,0,0,0,Yes
V5,194,1121,1121,0.00,0,0,0,0,0,0,0,Yes
V5,195,1243,1402,12.79,0,0,0,0,0,0,0,Yes
V5,196,861,878,1.97,0,0,0,0,0,0,0,Yes
V5,197,360,385,6.94,0,0,0,0,0,0,0,Yes
V5,198,2965,3011,1.55,0,0,0,0,0,0,0,Yes
V5,199,431,453,5.10,0,0,0,0,0,0,0,Yes
V6,0,1972,2061,4.51,0,0,0,0,0,0,0,Yes
V6,1,120,120,0.00,0,0,0,0,0,0,0,Yes
V6,2,76,76,0.00,0,0,0,0,0,0,0,Yes
V6,3,2320,2320,0.00,0,0,0,0,0,0,0,Yes
V6,4,2464,2464,0.00,0,0,0,0,0,0,0,Yes
V6,5,1165,1424,22.23,0,0,0,0,0,0,0,Yes
V6,6,1160,1205,3.88,0,0,0,0,0,0,0,Yes
V6,7,673,673,0.00,0,0,0,0,0,0,0,Yes
V6,8,1335,1366,2.32,0,0,0,0,0,0,0,Yes
V6,9,90,110,22.22,0,0,0,0,0,0,0,Yes
V6,10,939,939,0.00,0,0,0,0,0,0,0,Yes
V6,11,741,741,0.00,0,0,0,0,0,0,0,Yes
V6,12,92,92,0.00,0,0,0,0,0,0,0,Yes
V6,13,4009,6651,65.90,0,179,37,190,27,30,463,No
V6,14,1258,1348,7.15,0,0,0,0,0,0,0,Yes
V6,15,1290,1290,0.00,0,0,0,0,0,0,0,Yes
V6,16,1715,1921,12.01,0,0,0,0,0,0,0,Yes
V6,17,1913,1913,0.00,0,0,0,0,0,0,0,Yes
V6,18,571,571,0.00,0,0,0,0,0,0,0,Yes
V6,19,2377,2377,0.00,0,0,0,0,0,0,0,Yes
V6,20,1375,1415,2.91,0,0,0,0,0,0,0,Yes
V6,21,1166,1166,0.00,0,0,0,0,0,0,0,Yes
V6,22,2331,2434,4.42,0,0,2,0,0,2,4,No
V6,23,1641,1641,0.00,0,0,0,0,0,0,0,Yes
V6,24,868,868,0.00,0,0,0,0,0,0,0,Yes
V6,25,1462,1462,0.00,0,0,0,0,0,0,0,Yes
V6,26,3228,3780,17.10,0,0,0,0,0,0,0,Yes
V6,27,1926,2256,17.13,0,0,0,0,0,0,0,Yes
V6,28,1303,1336,2.53,0,0,0,0,0,0,0,Yes
V6,29,1541,1723,11.81,0,0,0,0,0,1,1,No
V6,30,2579,2755,6.82,0,0,0,0,0,0,0,Yes
V6,31,1364,1588,16.42,0,0,0,0,0,0,0,Yes
V6,32,817,817,0.00,0,0,0,0,0,0,0,Yes
V6,33,2440,2440,0.00,0,0,0,0,0,0,0,Yes
V6,34,1161,1254,8.01,0,0,0,0,0,0,0,Yes
V6,35,567,573,1.06,0,0,0,0,0,0,0,Yes
V6,36,2848,3013,5.79,0,0,0,0,0,0,0,Yes
V6,37,955,1036,8.48,0,0,0,0,0,0,0,Yes
V6,38,1257,1366,8.67,1,0,0,0,0,0,1,No
V6,39,670,670,0.00,0,0,0,0,0,0,0,Yes
V6,40,2019,2037,0.89,0,0,0,0,0,0,0,Yes
V6,41,2732,2732,0.00,0,0,0,0,0,0,0,Yes
V6,42,1993,1998,0.25,0,0,0,0,0,0,0,Yes
V6,43,284,284,0.00,0,0,0,0,0,0,0,Yes
V6,44,1289,1345,4.34,0,0,0,0,0,0,0,Yes
V6,45,945,951,0.63,0,0,0,0,0,0,0,Yes
V6,46,1921,2065,7.50,0,0,0,0,0,0,0,Yes
V6,47,1664,1777,6.79,0,0,0,0,0,0,0,Yes
V6,48,135,135,0.00,0,0,0,0,0,0,0,Yes
V6,49,824,824,0.00,0,0,0,0,0,0,0,Yes
V6,50,2367,4424,86.90,0,190,31,96,9,17,343,No
V6,51,981,1045,6.52,0,0,0,0,0,0,0,Yes
V6,52,2122,3105,46.32,0,5,0,0,0,0,5,No
V6,53,694,694,0.00,0,0,0,0,0,0,0,Yes
V6,54,1806,1816,0.55,0,0,0,0,0,0,0,Yes
V6,55,143,149,4.20,0,0,0,0,0,0,0,Yes
V6,56,2288,2482,8.48,0,0,0,0,0,0,0,Yes
V6,57,592,610,3.04,0,0,0,0,0,0,0,Yes
V6,58,198,221,11.62,0,0,0,0,0,0,0,Yes
V6,59,586,591,0.85,0,0,0,0,0,0,0,Yes
V6,60,165,165,0.00,0,0,0,0,0,0,0,Yes
V6,61,164,164,0.00,0,0,0,0,0,0,0,Yes
V6,62,1916,2087,8.92,0,0,0,0,0,0,0,Yes
V6,63,496,503,1.41,0,0,0,0,0,0,0,Yes
V6,64,1157,1157,0.00,0,0,0,0,0,0,0,Yes
V6,65,2645,2970,12.29,0,0,0,0,0,0,0,Yes
V6,66,1007,1007,0.00,0,0,0,0,0,0,0,Yes
V6,67,716,750,4.75,0,0,0,0,0,0,0,Yes
V6,68,872,993,13.88,0,1,0,0,0,0,1,No
V6,69,1286,1472,14.46,0,0,0,0,0,0,0,Yes
V6,70,1834,1957,6.71,0,0,0,0,0,0,0,Yes
V6,71,3031,3842,26.76,0,0,0,0,0,0,0,Yes
V6,72,1869,1929,3.21,0,0,0,0,0,0,0,Yes
V6,73,496,578,16.53,0,0,0,0,0,0,0,Yes
V6,74,731,731,0.00,0,0,0,0,0,0,0,Yes
V6,75,2569,2729,6.23,0,0,0,0,0,0,0,Yes
V6,76,877,877,0.00,0,0,0,0,0,0,0,Yes
V6,77,1879,2033,8.20,0,0,0,0,0,0,0,Yes
V6,78,947,986,4.12,0,0,0,0,0,0,0,Yes
V6,79,789,3987,405.32,0,205,0,3,3,1,212,No
V6,80,655,667,1.83,0,0,0,0,0,0,0,Yes
V6,81,1314,1366,3.96,0,0,0,0,0,0,0,Yes
V6,82,279,313,12.19,0,0,0,0,0,0,0,Yes
V6,83,2281,2413,5.79,0,0,0,0,0,0,0,Yes
V6,84,551,551,0.00,0,0,0,0,0,0,0,Yes
V6,85,1807,1807,0.00,0,0,0,0,0,0,0,Yes
V6,86,860,860,0.00,0,0,0,0,0,0,0,Yes
V6,87,3023,3654,20.87,0,0,0,0,0,0,0,Yes
V6,88,1125,1125,0.00,0,0,0,0,0,0,0,Yes
V6,89,1806,1806,0.00,0,0,0,0,0,0,0,Yes
V6,90,873,873,0.00,0,0,0,0,0,0,0,Yes
V6,91,2023,2116,4.60,0,0,0,0,0,0,0,Yes
V6,92,939,1084,15.44,0,0,0,0,0,0,0,Yes
V6,93,328,328,0.00,0,0,0,0,0,0,0,Yes
V6,94,519,547,5.39,0,0,0,0,0,0,0,Yes
V6,95,193,193,0.00,0,0,0,0,0,0,0,Yes
V6,96,72,72,0.00,0,0,0,0,0,0,0,Yes
V6,97,419,419,0.00,0,0,0,0,0,0,0,Yes
V6,98,499,566,13.43,0,0,0,0,0,0,0,Yes
V6,99,1806,1806,0.00,0,0,0,0,0,0,0,Yes
V6,100,1356,1356,0.00,0,0,0,0,0,0,0,Yes
V6,101,536,546,1.87,0,0,0,0,0,0,0,Yes
V6,102,987,987,0.00,0,0,0,0,0,0,0,Yes
V6,103,2179,2702,24.00,0,0,0,0,0,0,0,Yes
V6,104,1236,1309,5.91,0,0,0,0,0,0,0,Yes
V6,105,2102,2168,3.14,0,0,0,0,0,0,0,Yes
V6,106,1037,1037,0.00,0,0,0,0,0,0,0,Yes
V6,107,1100,1148,4.36,0,0,0,0,0,0,0,Yes
V6,108,2524,4427,75.40,0,185,42,126,11,27,391,No
V6,109,562,562,0.00,0,0,0,0,0,0,0,Yes
V6,110,1426,1426,0.00,0,0,0,0,0,0,0,Yes
V6,111,59,59,0.00,0,0,0,0,0,0,0,Yes
V6,112,2212,2696,21.88,0,1,0,0,0,0,1,No
V6,113,1238,1238,0.00,0,0,0,0,0,0,0,Yes
V6,114,992,1392,40.32,0,11,0,0,0,0,11,No
V6,115,1663,1754,5.47,0,0,0,0,0,0,0,Yes
V6,116,649,698,7.55,0,0,0,0,0,0,0,Yes
V6,117,1539,1539,0.00,0,0,0,0,0,0,0,Yes
V6,118,1347,1566,16.26,0,0,0,0,0,0,0,Yes
V6,119,1834,1904,3.82,0,0,0,0,0,0,0,Yes
V6,120,2392,2392,0.00,0,0,0,0,0,0,0,Yes
V6,121,1218,1218,0.00,0,0,0,0,0,0,0,Yes
V6,122,1534,1693,10.37,0,0,0,0,0,0,0,Yes
V6,123,1404,1404,0.00,0,0,0,0,0,0,0,Yes
V6,124,96,111,15.62,0,0,0,0,0,0,0,Yes
V6,125,1082,1082,0.00,0,0,0,0,0,0,0,Yes
V6,126,563,657,16.70,0,0,0,0,0,0,0,Yes
V6,127,655,655,0.00,0,0,0,0,0,0,0,Yes
V6,128,982,982,0.00,0,0,0,0,0,0,0,Yes
V6,129,638,638,0.00,0,0,0,0,0,0,0,Yes
V6,130,646,646,0.00,0,0,0,0,0,0,0,Yes
V6,131,1110,1110,0.00,0,0,0,0,0,0,0,Yes
V6,132,1385,1571,13.43,0,0,0,0,0,0,0,Yes
V6,133,645,645,0.00,0,0,0,0,0,0,0,Yes
V6,134,741,899,21.32,0,0,0,0,0,0,0,Yes
V6,135,1895,1972,4.06,0,0,0,0,0,0,0,Yes
V6,136,667,676,1.35,0,0,0,0,0,0,0,Yes
V6,137,874,874,0.00,0,0,0,0,0,0,0,Yes
V6,138,329,329,0.00,0,0,0,0,0,0,0,Yes
V6,139,1882,2081,10.57,0,0,0,0,0,0,0,Yes
V6,140,2525,2585,2.38,0,0,0,0,0,0,0,Yes
V6,141,267,275,3.00,0,0,0,0,0,0,0,Yes
V6,142,1214,1214,0.00,0,0,0,0,0,0,0,Yes
V6,143,1267,1486,17.28,0,0,0,0,0,0,0,Yes
V6,144,433,433,0.00,0,0,0,0,0,0,0,Yes
V6,145,2043,2167,6.07,0,0,0,0,0,0,0,Yes
V6,146,2021,2191,8.41,0,0,0,0,0,0,0,Yes
V6,147,1672,1863,11.42,0,0,0,0,0,0,0,Yes
V6,148,337,337,0.00,0,0,0,0,0,0,0,Yes
V6,149,2140,2140,0.00,0,0,0,0,0,0,0,Yes
V6,150,1577,1904,20.74,0,0,0,0,0,0,0,Yes
V6,151,2704,3233,19.56,0,0,0,0,0,0,0,Yes
V6,152,1667,1667,0.00,0,0,0,0,0,0,0,Yes
V6,153,1143,1216,6.39,0,0,0,0,0,0,0,Yes
V6,154,1329,1465,10.23,0,0,0,0,0,0,0,Yes
V6,155,517,544,5.22,0,0,0,0,0,1,1,No
V6,156,2335,2520,7.92,0,0,0,0,0,0,0,Yes
V6,157,557,557,0.00,0,0,0,0,0,0,0,Yes
V6,158,1455,1514,4.05,0,0,0,0,0,0,0,Yes
V6,159,507,569,12.23,0,0,0,0,0,0,0,Yes
V6,160,22,22,0.00,0,0,0,0,0,0,0,Yes
V6,161,1549,1739,12.27,0,0,0,0,0,0,0,Yes
V6,162,155,173,11.61,0,0,0,0,0,0,0,Yes
V6,163,658,670,1.82,0,0,0,0,0,0,0,Yes
V6,164,287,355,23.69,0,0,0,0,0,0,0,Yes
V6,165,1178,1178,0.00,0,0,0,0,0,0,0,Yes
V6,166,815,839,2.94,0,0,0,0,0,0,0,Yes
V6,167,142,142,0.00,0,0,0,0,0,0,0,Yes
V6,168,2328,2328,0.00,0,0,0,0,0,0,0,Yes
V6,169,2515,2515,0.00,0,0,0,0,0,0,0,Yes
V6,170,1699,1699,0.00,0,0,0,0,0,0,0,Yes
V6,171,1405,1488,5.91,0,0,0,0,0,0,0,Yes
V6,172,1261,1440,14.20,0,0,0,0,0,0,0,Yes
V6,173,788,788,0.00,0,0,0,0,0,0,0,Yes
V6,174,1484,1562,5.26,0,0,0,0,0,0,0,Yes
V6,175,2098,2180,3.91,0,0,0,0,0,0,0,Yes
V6,176,895,957,6.93,0,0,0,0,0,0,0,Yes
V6,177,1529,1768,15.63,0,0,0,0,0,0,0,Yes
V6,178,1381,1472,6.59,0,0,0,0,0,0,0,Yes
V6,179,3033,3407,12.33,0,0,0,0,0,1,1,No
V6,180,1068,1068,0.00,0,0,0,0,0,0,0,Yes
V6,181,265,267,0.75,0,0,0,0,0,0,0,Yes
V6,182,2309,2378,2.99,0,0,0,0,0,0,0,Yes
V6,183,490,524,6.94,0,0,0,0,0,0,0,Yes
V6,184,383,385,0.52,0,0,0,0,0,0,0,Yes
V6,185,140,147,5.00,0,0,0,0,0,0,0,Yes
V6,186,1599,2211,38.27,0,0,0,0,0,0,0,Yes
V6,187,829,859,3.62,0,0,0,0,0,0,0,Yes
V6,188,1564,1707,9.14,0,0,0,0,0,0,0,Yes
V6,189,1682,1908,13.44,0,0,0,0,0,0,0,Yes
V6,190,1375,1441,4.80,0,0,0,0,0,0,0,Yes
V6,191,817,934,14.32,0,0,0,0,0,0,0,Yes
V6,192,1458,1502,3.02,0,0,0,0,0,0,0,Yes
V6,193,543,635,16.94,0,0,0,0,0,0,0,Yes
V6,194,1121,1121,0.00,0,0,0,0,0,0,0,Yes
V6,195,1243,1372,10.38,0,0,0,0,0,0,0,Yes
V6,196,861,878,1.97,0,0,0,0,0,0,0,Yes
V6,197,360,385,6.94,0,0,0,0,0,0,0,Yes
V6,198,2965,3304,11.43,1,0,2,0,1,0,4,No
V6,199,431,453,5.10,0,0,0,0,0,0,0,Yes
llama_rslora,1,977,977,0.0000,0,0,0,0,0,0,0,True
llama_rslora,2,941,1007,7.0100,0,0,0,0,0,0,0,True
llama_rslora,3,1402,1402,0.0000,0,0,0,0,0,0,0,True
llama_rslora,4,1565,1598,2.1100,0,0,0,0,0,0,0,True
llama_rslora,5,1286,1430,11.2000,0,0,0,0,0,0,0,True
llama_rslora,6,449,449,0.0000,0,0,0,0,0,0,0,True
llama_rslora,7,462,528,14.2900,0,0,0,0,0,0,0,True
llama_rslora,8,498,512,2.8100,0,0,0,0,0,0,0,True
llama_rslora,9,1157,1157,0.0000,0,0,0,0,0,0,0,True
llama_rslora,10,71,71,0.0000,0,0,0,0,0,0,0,True
llama_rslora,11,146,146,0.0000,0,0,0,0,0,0,0,True
llama_rslora,12,409,409,0.0000,0,0,0,0,0,0,0,True
llama_rslora,13,1289,1402,8.7700,0,0,0,0,0,0,0,True
llama_rslora,14,525,525,0.0000,0,0,0,0,0,0,0,True
llama_rslora,15,854,864,1.1700,0,0,0,0,0,0,0,True
llama_rslora,16,2499,2685,7.4400,0,0,0,0,0,0,0,True
llama_rslora,17,1223,1330,8.7500,0,0,0,0,0,0,0,True
llama_rslora,18,955,1078,12.8800,0,0,0,0,0,0,0,True
llama_rslora,19,332,332,0.0000,0,0,0,0,0,0,0,True
llama_rslora,20,686,686,0.0000,0,0,0,0,0,0,0,True
llama_rslora,21,358,358,0.0000,0,0,0,0,0,0,0,True
llama_rslora,22,2396,2440,1.8400,0,0,0,0,0,0,0,True
llama_rslora,23,127,148,16.5400,0,0,0,0,0,0,0,True
llama_rslora,24,2960,3546,19.8000,0,0,0,0,0,0,0,True
llama_rslora,25,1402,1548,10.4100,0,0,0,0,0,0,0,True
llama_rslora,26,374,429,14.7100,0,0,0,0,0,0,0,True
llama_rslora,27,2277,2513,10.3600,0,0,0,0,0,0,0,True
llama_rslora,28,490,522,6.5300,0,0,0,0,0,0,0,True
llama_rslora,29,755,755,0.0000,0,0,0,0,0,0,0,True
llama_rslora,30,2566,2987,16.4100,0,0,0,0,0,0,0,True
llama_rslora,31,280,280,0.0000,0,0,0,0,0,0,0,True
llama_rslora,32,1651,1737,5.2100,0,0,0,0,0,0,0,True
llama_rslora,33,300,300,0.0000,0,0,0,0,0,0,0,True
llama_rslora,34,1580,1778,12.5300,0,0,0,0,0,0,0,True
llama_rslora,35,427,458,7.2600,0,0,0,0,0,0,0,True
llama_rslora,36,2614,3711,41.9700,0,12,0,0,0,0,12,False
llama_rslora,37,65,73,12.3100,0,0,0,0,0,0,0,True
llama_rslora,38,521,534,2.5000,0,0,0,0,0,0,0,True
llama_rslora,39,309,309,0.0000,0,0,0,0,0,0,0,True
llama_rslora,40,2180,2180,0.0000,0,0,0,0,0,0,0,True
llama_rslora,41,1709,1709,0.0000,0,0,0,0,0,0,0,True
llama_rslora,42,1271,1281,0.7900,0,0,0,0,0,0,0,True
llama_rslora,43,1442,1442,0.0000,0,0,0,0,0,0,0,True
llama_rslora,44,1525,1525,0.0000,0,0,0,0,0,0,0,True
llama_rslora,45,523,523,0.0000,0,0,0,0,0,0,0,True
llama_rslora,46,857,948,10.6200,0,0,0,0,0,0,0,True
llama_rslora,47,1019,1019,0.0000,0,0,0,0,0,0,0,True
llama_rslora,48,2597,2599,0.0800,0,0,0,0,0,0,0,True
llama_rslora,49,2987,3403,13.9300,0,0,0,0,0,0,0,True
llama_rslora,50,2590,2795,7.9200,0,0,0,0,0,0,0,True
llama_rslora,51,1430,1430,0.0000,0,0,0,0,0,0,0,True
llama_rslora,52,435,435,0.0000,0,0,0,0,0,0,0,True
llama_rslora,53,1598,1598,0.0000,0,0,0,0,0,0,0,True
llama_rslora,54,422,522,23.7000,0,0,0,0,0,0,0,True
llama_rslora,55,1365,1372,0.5100,0,0,0,0,0,0,0,True
llama_rslora,56,1077,1131,5.0100,0,0,0,0,0,0,0,True
llama_rslora,57,242,352,45.4500,0,7,0,0,0,0,7,False
llama_rslora,58,727,727,0.0000,0,0,0,0,0,0,0,True
llama_rslora,59,861,918,6.6200,0,0,0,0,0,0,0,True
llama_rslora,60,2466,3160,28.1400,2,2,1,0,0,0,5,False
llama_rslora,61,693,755,8.9500,0,0,0,0,0,0,0,True
llama_rslora,62,1466,1626,10.9100,0,0,0,0,0,0,0,True
llama_rslora,63,45,45,0.0000,0,0,0,0,0,0,0,True
llama_rslora,64,1819,2013,10.6700,0,0,0,0,0,0,0,True
llama_rslora,65,591,762,28.9300,0,0,0,0,0,0,0,True
llama_rslora,66,532,649,21.9900,0,1,0,0,0,0,1,False
llama_rslora,67,1064,1238,16.3500,0,0,0,0,0,0,0,True
llama_rslora,68,1157,1324,14.4300,0,0,0,0,0,0,0,True
llama_rslora,69,1121,1121,0.0000,0,0,0,0,0,0,0,True
llama_rslora,70,545,720,32.1100,0,0,0,0,0,0,0,True
llama_rslora,71,1016,1218,19.8800,0,0,0,0,0,0,0,True
llama_rslora,72,674,712,5.6400,0,0,0,0,0,0,0,True
llama_rslora,73,340,351,3.2400,0,0,0,0,0,0,0,True
llama_rslora,74,329,363,10.3300,0,0,0,0,0,0,0,True
llama_rslora,75,1621,1621,0.0000,0,0,0,0,0,0,0,True
llama_rslora,76,744,823,10.6200,0,0,0,0,0,0,0,True
llama_rslora,77,2435,2972,22.0500,0,3,2,0,0,0,5,False
llama_rslora,78,698,698,0.0000,0,0,0,0,0,0,0,True
llama_rslora,79,1414,1657,17.1900,0,0,0,0,0,0,0,True
llama_rslora,80,2241,2314,3.2600,0,0,0,0,0,0,0,True
llama_rslora,81,364,364,0.0000,0,0,0,0,0,0,0,True
llama_rslora,82,4012,4417,10.0900,0,0,6,1,2,0,9,False
llama_rslora,83,338,338,0.0000,0,0,0,0,0,0,0,True
llama_rslora,84,930,930,0.0000,0,0,0,0,0,0,0,True
llama_rslora,85,2063,2239,8.5300,0,0,0,0,0,0,0,True
llama_rslora,86,495,495,0.0000,0,0,0,0,0,0,0,True
llama_rslora,87,1884,2193,16.4000,0,0,0,0,0,0,0,True
llama_rslora,88,1328,1373,3.3900,0,0,0,0,0,0,0,True
llama_rslora,89,250,268,7.2000,0,0,0,0,0,0,0,True
llama_rslora,90,301,301,0.0000,0,0,0,0,0,0,0,True
llama_rslora,91,1685,1786,5.9900,0,0,0,0,0,0,0,True
llama_rslora,92,2329,4815,106.7400,0,199,13,144,12,10,378,False
llama_rslora,93,2787,3077,10.4100,0,0,0,0,0,0,0,True
llama_rslora,94,177,177,0.0000,0,0,0,0,0,0,0,True
llama_rslora,95,706,784,11.0500,0,0,0,0,0,0,0,True
llama_rslora,96,822,926,12.6500,0,0,0,0,0,0,0,True
llama_rslora,97,571,662,15.9400,0,0,0,0,0,0,0,True
llama_rslora,98,422,422,0.0000,0,0,0,0,0,0,0,True
llama_rslora,99,895,1040,16.2000,0,0,0,0,0,0,0,True
llama_rslora,100,2448,2691,9.9300,0,0,0,0,0,0,0,True
llama_rslora,101,2704,3283,21.4100,0,0,0,0,0,0,0,True
llama_rslora,102,999,1149,15.0200,0,0,0,0,0,0,0,True
llama_rslora,103,1063,1256,18.1600,0,0,0,0,0,0,0,True
llama_rslora,104,1136,1241,9.2400,0,0,0,0,0,0,0,True
llama_rslora,105,2374,2730,15.0000,0,0,0,0,0,0,0,True
llama_rslora,106,445,445,0.0000,0,0,0,0,0,0,0,True
llama_rslora,107,435,435,0.0000,0,0,0,0,0,0,0,True
llama_rslora,108,1605,1605,0.0000,0,0,0,0,0,0,0,True
llama_rslora,109,1757,1757,0.0000,0,0,0,0,0,0,0,True
llama_rslora,110,1637,1850,13.0100,0,0,0,0,0,0,0,True
llama_rslora,111,154,162,5.1900,0,0,0,0,0,0,0,True
llama_rslora,112,2959,3437,16.1500,0,0,0,0,0,0,0,True
llama_rslora,113,947,947,0.0000,0,0,0,0,0,0,0,True
llama_rslora,114,958,1016,6.0500,0,0,0,0,0,0,0,True
llama_rslora,115,639,689,7.8200,0,0,0,0,0,1,1,False
llama_rslora,116,753,753,0.0000,0,0,0,0,0,0,0,True
llama_rslora,117,878,986,12.3000,0,0,0,0,0,0,0,True
llama_rslora,118,1561,1634,4.6800,0,0,0,0,0,0,0,True
llama_rslora,119,1504,1548,2.9300,0,0,0,0,0,0,0,True
llama_rslora,120,157,255,62.4200,0,18,0,0,0,0,18,False
llama_rslora,121,1041,1212,16.4300,0,0,0,0,0,0,0,True
llama_rslora,122,53,55,3.7700,0,0,0,0,0,0,0,True
llama_rslora,123,356,356,0.0000,0,0,0,0,0,0,0,True
llama_rslora,124,486,572,17.7000,0,0,0,0,0,0,0,True
llama_rslora,125,1681,1778,5.7700,0,0,0,0,0,0,0,True
llama_rslora,126,890,890,0.0000,0,0,0,0,0,0,0,True
llama_rslora,127,1315,1315,0.0000,0,0,0,0,0,0,0,True
llama_rslora,128,520,593,14.0400,0,0,0,0,0,0,0,True
llama_rslora,129,972,972,0.0000,0,0,0,0,0,0,0,True
llama_rslora,130,58,58,0.0000,0,0,0,0,0,0,0,True
llama_rslora,131,59,59,0.0000,0,0,0,0,0,0,0,True
llama_rslora,132,2917,3587,22.9700,0,0,0,0,0,1,1,False
llama_rslora,133,3106,4038,30.0100,0,17,9,2,3,5,36,False
llama_rslora,134,1271,1286,1.1800,0,0,0,0,0,0,0,True
llama_rslora,135,2891,3158,9.2400,0,0,0,0,0,0,0,True
llama_rslora,136,1810,1950,7.7300,0,0,0,0,0,0,0,True
llama_rslora,137,2875,3181,10.6400,0,0,0,0,0,0,0,True
llama_rslora,138,1493,1563,4.6900,0,0,0,0,0,0,0,True
llama_rslora,139,1230,1436,16.7500,0,0,0,0,0,0,0,True
llama_rslora,140,802,802,0.0000,0,0,0,0,0,0,0,True
llama_rslora,141,466,466,0.0000,0,0,0,0,0,0,0,True
llama_rslora,142,1434,1434,0.0000,0,0,0,0,0,0,0,True
llama_rslora,143,1654,1654,0.0000,0,0,0,0,0,0,0,True
llama_rslora,144,3094,3541,14.4500,0,0,0,0,0,0,0,True
llama_rslora,145,2117,2117,0.0000,0,0,0,0,0,0,0,True
llama_rslora,146,931,1040,11.7100,0,0,0,0,0,0,0,True
llama_rslora,147,1336,1336,0.0000,0,0,0,0,0,0,0,True
llama_rslora,148,3185,3792,19.0600,0,0,0,0,0,0,0,True
llama_rslora,149,856,856,0.0000,0,0,0,0,0,0,0,True
llama_rslora,150,243,243,0.0000,0,0,0,0,0,0,0,True
llama_rslora,151,1376,1376,0.0000,0,0,0,0,0,0,0,True
llama_rslora,152,588,674,14.6300,0,0,0,0,0,0,0,True
llama_rslora,153,2058,2058,0.0000,0,0,0,0,0,0,0,True
llama_rslora,154,1331,1381,3.7600,0,0,0,0,0,0,0,True
llama_rslora,155,2328,2328,0.0000,0,0,0,0,0,0,0,True
llama_rslora,156,1639,1639,0.0000,0,0,0,0,0,0,0,True
llama_rslora,157,804,824,2.4900,0,0,0,0,0,0,0,True
llama_rslora,158,254,279,9.8400,0,0,0,0,0,0,0,True
llama_rslora,159,1617,1763,9.0300,0,0,0,0,0,0,0,True
llama_rslora,160,801,862,7.6200,0,0,0,0,0,0,0,True
llama_rslora,161,1695,2005,18.2900,0,0,0,0,0,0,0,True
llama_rslora,162,1383,1422,2.8200,0,0,0,0,0,0,0,True
llama_rslora,163,2859,3407,19.1700,0,0,0,0,0,0,0,True
llama_rslora,164,873,873,0.0000,0,0,0,0,0,0,0,True
llama_rslora,165,543,543,0.0000,0,0,0,0,0,0,0,True
llama_rslora,166,412,460,11.6500,0,0,0,0,0,0,0,True
llama_rslora,167,583,583,0.0000,0,0,0,0,0,0,0,True
llama_rslora,168,615,659,7.1500,0,0,0,0,0,0,0,True
llama_rslora,169,545,545,0.0000,0,0,0,0,0,0,0,True
llama_rslora,170,1799,1952,8.5000,0,0,0,0,0,0,0,True
llama_rslora,171,72,72,0.0000,0,0,0,0,0,0,0,True
llama_rslora,172,2254,2560,13.5800,0,0,0,0,0,0,0,True
llama_rslora,173,870,870,0.0000,0,0,0,0,0,0,0,True
llama_rslora,174,1258,1426,13.3500,0,0,0,0,0,0,0,True
llama_rslora,175,612,733,19.7700,0,0,0,0,0,0,0,True
llama_rslora,176,359,3557,890.8100,0,216,0,2,16,0,234,False
llama_rslora,177,57,67,17.5400,0,0,0,0,0,0,0,True
llama_rslora,178,1420,1420,0.0000,0,0,0,0,0,0,0,True
llama_rslora,179,1867,2189,17.2500,0,0,0,0,0,1,1,False
llama_rslora,180,441,447,1.3600,0,0,0,0,0,0,0,True
llama_rslora,181,1052,1102,4.7500,0,0,0,0,0,0,0,True
llama_rslora,182,162,162,0.0000,0,0,0,0,0,0,0,True
llama_rslora,183,1527,1527,0.0000,0,0,0,0,0,0,0,True
llama_rslora,184,667,766,14.8400,0,0,0,0,0,0,0,True
llama_rslora,185,1851,1906,2.9700,0,0,0,0,0,0,0,True
llama_rslora,186,1335,1407,5.3900,0,0,0,0,0,0,0,True
llama_rslora,187,2042,2301,12.6800,0,0,0,0,0,0,0,True
llama_rslora,188,1700,1757,3.3500,0,0,0,0,0,0,0,True
llama_rslora,189,1390,1390,0.0000,0,0,0,0,0,0,0,True
llama_rslora,190,1296,1324,2.1600,0,0,0,0,0,0,0,True
llama_rslora,191,1451,1451,0.0000,0,0,0,0,0,0,0,True
llama_rslora,192,143,151,5.5900,0,0,0,0,0,0,0,True
llama_rslora,193,860,949,10.3500,0,0,0,0,0,0,0,True
llama_rslora,194,1187,1187,0.0000,0,0,0,0,0,0,0,True
llama_rslora,195,219,234,6.8500,0,0,0,0,0,0,0,True
llama_rslora,196,2582,2591,0.3500,0,0,0,0,0,0,0,True
llama_rslora,197,1876,2709,44.4000,0,2,3,0,0,0,5,False
llama_rslora,198,1888,2107,11.6000,0,0,0,0,0,0,0,True
llama_rslora,199,402,469,16.6700,0,0,0,0,0,0,0,True
llama_rslora,200,1622,1997,23.1200,0,0,0,0,0,0,0,True
ministral_lora,1,977,977,0.0000,0,0,0,0,0,0,0,True
ministral_lora,2,941,960,2.0200,0,0,0,0,0,0,0,True
ministral_lora,3,1402,1402,0.0000,0,0,0,0,0,0,0,True
ministral_lora,4,1565,1616,3.2600,0,0,0,0,0,0,0,True
ministral_lora,5,1286,1294,0.6200,0,0,0,0,0,0,0,True
ministral_lora,6,449,449,0.0000,0,0,0,0,0,0,0,True
ministral_lora,7,462,554,19.9100,0,0,0,0,0,0,0,True
ministral_lora,8,498,498,0.0000,0,0,0,0,0,0,0,True
ministral_lora,9,1157,1217,5.1900,0,0,0,0,0,0,0,True
ministral_lora,10,71,71,0.0000,0,0,0,0,0,0,0,True
ministral_lora,11,146,146,0.0000,0,0,0,0,0,0,0,True
ministral_lora,12,409,409,0.0000,0,0,0,0,0,0,0,True
ministral_lora,13,1289,1289,0.0000,0,0,0,0,0,0,0,True
ministral_lora,14,525,525,0.0000,0,0,0,0,0,0,0,True
ministral_lora,15,854,919,7.6100,0,0,0,0,0,0,0,True
ministral_lora,16,2499,2934,17.4100,0,0,0,0,0,0,0,True
ministral_lora,17,1223,1434,17.2500,0,0,0,0,0,0,0,True
ministral_lora,18,955,1091,14.2400,0,0,0,0,0,0,0,True
ministral_lora,19,332,332,0.0000,0,0,0,0,0,0,0,True
ministral_lora,20,686,686,0.0000,0,0,0,0,0,0,0,True
ministral_lora,21,358,358,0.0000,0,0,0,0,0,0,0,True
ministral_lora,22,2396,2650,10.6000,0,0,0,0,0,0,0,True
ministral_lora,23,127,156,22.8300,8,3,0,0,0,0,11,False
ministral_lora,24,2960,3273,10.5700,0,0,0,0,0,0,0,True
ministral_lora,25,1402,1548,10.4100,0,0,0,0,0,0,0,True
ministral_lora,26,374,442,18.1800,0,0,0,0,0,0,0,True
ministral_lora,27,2277,2630,15.5000,0,0,0,0,0,0,0,True
ministral_lora,28,490,547,11.6300,0,0,0,0,0,0,0,True
ministral_lora,29,755,755,0.0000,0,0,0,0,0,0,0,True
ministral_lora,30,2566,3089,20.3800,0,0,0,0,0,0,0,True
ministral_lora,31,280,280,0.0000,0,0,0,0,0,0,0,True
ministral_lora,32,1651,1826,10.6000,0,0,0,0,0,0,0,True
ministral_lora,33,300,300,0.0000,0,0,0,0,0,0,0,True
ministral_lora,34,1580,1737,9.9400,0,0,0,0,0,0,0,True
ministral_lora,35,427,446,4.4500,0,0,0,0,0,0,0,True
ministral_lora,36,2614,3233,23.6800,0,0,0,1,0,0,1,False
ministral_lora,37,65,66,1.5400,0,0,0,0,0,0,0,True
ministral_lora,38,521,565,8.4500,0,0,0,0,0,0,0,True
ministral_lora,39,309,309,0.0000,0,0,0,0,0,0,0,True
ministral_lora,40,2180,2180,0.0000,0,1,0,0,0,0,1,False
ministral_lora,41,1709,1709,0.0000,0,0,0,0,0,0,0,True
ministral_lora,42,1271,1281,0.7900,0,0,0,0,0,0,0,True
ministral_lora,43,1442,1522,5.5500,0,0,0,0,0,0,0,True
ministral_lora,44,1525,1525,0.0000,0,0,0,0,0,0,0,True
ministral_lora,45,523,523,0.0000,0,0,0,0,0,0,0,True
ministral_lora,46,857,884,3.1500,0,0,0,0,0,0,0,True
ministral_lora,47,1019,1047,2.7500,0,0,0,0,0,0,0,True
ministral_lora,48,2597,2641,1.6900,0,0,0,0,0,0,0,True
ministral_lora,49,2987,3432,14.9000,0,0,0,0,0,0,0,True
ministral_lora,50,2590,2899,11.9300,0,0,0,0,0,0,0,True
ministral_lora,51,1430,1430,0.0000,0,0,0,0,0,0,0,True
ministral_lora,52,435,435,0.0000,0,0,0,0,0,0,0,True
ministral_lora,53,1598,1598,0.0000,0,0,0,0,0,0,0,True
ministral_lora,54,422,529,25.3600,0,1,0,0,0,0,1,False
ministral_lora,55,1365,1370,0.3700,0,0,0,0,0,0,0,True
ministral_lora,56,1077,1790,66.2000,0,19,16,2,0,1,38,False
ministral_lora,57,242,676,179.3400,0,74,0,1,1,0,76,False
ministral_lora,58,727,727,0.0000,0,0,0,0,0,0,0,True
ministral_lora,59,861,869,0.9300,0,0,0,0,0,0,0,True
ministral_lora,60,2466,7566,206.8100,0,114,40,56,15,15,240,False
ministral_lora,61,693,713,2.8900,0,0,0,0,0,0,0,True
ministral_lora,62,1466,1650,12.5500,0,0,0,0,0,0,0,True
ministral_lora,63,45,45,0.0000,0,0,0,0,0,0,0,True
ministral_lora,64,1819,2068,13.6900,0,0,0,0,0,0,0,True
ministral_lora,65,591,721,22.0000,0,0,0,0,0,0,0,True
ministral_lora,66,532,663,24.6200,0,0,0,0,0,0,0,True
ministral_lora,67,1064,1238,16.3500,0,0,0,0,0,0,0,True
ministral_lora,68,1157,1324,14.4300,0,0,0,0,0,0,0,True
ministral_lora,69,1121,1121,0.0000,0,0,0,0,0,0,0,True
ministral_lora,70,545,602,10.4600,0,0,0,0,0,0,0,True
ministral_lora,71,1016,1179,16.0400,0,0,0,0,0,0,0,True
ministral_lora,72,674,712,5.6400,0,0,0,0,0,0,0,True
ministral_lora,73,340,360,5.8800,0,0,0,0,0,0,0,True
ministral_lora,74,329,374,13.6800,0,0,0,0,0,0,0,True
ministral_lora,75,1621,1621,0.0000,0,0,0,0,0,0,0,True
ministral_lora,76,744,858,15.3200,0,0,0,0,0,0,0,True
ministral_lora,77,2435,2771,13.8000,7,0,0,0,0,0,7,False
ministral_lora,78,698,698,0.0000,0,0,0,0,0,0,0,True
ministral_lora,79,1414,1494,5.6600,0,0,0,0,0,0,0,True
ministral_lora,80,2241,2314,3.2600,0,0,0,0,0,0,0,True
ministral_lora,81,364,364,0.0000,0,0,0,0,0,0,0,True
ministral_lora,82,4012,4604,14.7600,0,1,0,0,0,0,1,False
ministral_lora,83,338,338,0.0000,0,0,0,0,0,0,0,True
ministral_lora,84,930,930,0.0000,0,0,0,0,0,0,0,True
ministral_lora,85,2063,2365,14.6400,0,0,0,0,0,0,0,True
ministral_lora,86,495,516,4.2400,0,0,0,0,0,0,0,True
ministral_lora,87,1884,2170,15.1800,0,0,0,0,0,0,0,True
ministral_lora,88,1328,1328,0.0000,0,0,0,0,0,0,0,True
ministral_lora,89,250,273,9.2000,0,0,0,0,0,0,0,True
ministral_lora,90,301,386,28.2400,0,0,0,0,0,0,0,True
ministral_lora,91,1685,1788,6.1100,0,0,0,0,0,0,0,True
ministral_lora,92,2329,3009,29.2000,1,2,3,0,0,0,6,False
ministral_lora,93,2787,3013,8.1100,0,0,0,0,0,0,0,True
ministral_lora,94,177,177,0.0000,0,0,0,0,0,0,0,True
ministral_lora,95,706,747,5.8100,0,0,0,0,0,0,0,True
ministral_lora,96,822,837,1.8200,0,0,0,0,0,0,0,True
ministral_lora,97,571,1915,235.3800,0,102,0,1,0,0,103,False
ministral_lora,98,422,422,0.0000,0,0,0,0,1,0,1,False
ministral_lora,99,895,1040,16.2000,0,0,0,0,0,0,0,True
ministral_lora,100,2448,2761,12.7900,0,0,0,0,0,0,0,True
ministral_lora,101,2704,3523,30.2900,0,0,0,0,0,0,0,True
ministral_lora,102,999,1180,18.1200,0,0,0,0,0,0,0,True
ministral_lora,103,1063,1137,6.9600,0,0,0,0,0,0,0,True
ministral_lora,104,1136,1209,6.4300,0,0,0,0,0,0,0,True
ministral_lora,105,2374,2682,12.9700,0,0,0,0,0,0,0,True
ministral_lora,106,445,445,0.0000,0,0,0,0,0,0,0,True
ministral_lora,107,435,435,0.0000,0,0,0,0,0,0,0,True
ministral_lora,108,1605,1752,9.1600,0,0,0,0,0,0,0,True
ministral_lora,109,1757,1823,3.7600,0,0,0,0,0,0,0,True
ministral_lora,110,1637,1675,2.3200,0,0,0,0,0,0,0,True
ministral_lora,111,154,169,9.7400,0,0,0,0,0,0,0,True
ministral_lora,112,2959,3098,4.7000,0,0,0,0,0,0,0,True
ministral_lora,113,947,947,0.0000,0,0,0,0,0,0,0,True
ministral_lora,114,958,1016,6.0500,0,0,0,0,0,0,0,True
ministral_lora,115,639,789,23.4700,0,0,0,0,0,0,0,True
ministral_lora,116,753,753,0.0000,0,0,0,0,0,0,0,True
ministral_lora,117,878,1031,17.4300,0,0,0,0,0,0,0,True
ministral_lora,118,1561,1650,5.7000,0,0,0,0,0,0,0,True
ministral_lora,119,1504,1712,13.8300,0,0,0,0,0,0,0,True
ministral_lora,120,157,613,290.4500,1,157,5,0,0,0,163,False
ministral_lora,121,1041,1171,12.4900,0,0,0,0,0,0,0,True
ministral_lora,122,53,56,5.6600,0,0,0,0,0,0,0,True
ministral_lora,123,356,356,0.0000,0,0,0,0,0,0,0,True
ministral_lora,124,486,571,17.4900,0,0,0,0,0,0,0,True
ministral_lora,125,1681,1778,5.7700,0,0,0,0,0,0,0,True
ministral_lora,126,890,890,0.0000,0,0,0,0,0,0,0,True
ministral_lora,127,1315,1431,8.8200,0,0,0,0,0,0,0,True
ministral_lora,128,520,1087,109.0400,0,36,0,0,1,0,37,False
ministral_lora,129,972,972,0.0000,0,0,0,0,0,0,0,True
ministral_lora,130,58,63,8.6200,0,0,0,0,0,0,0,True
ministral_lora,131,59,59,0.0000,0,0,0,0,0,0,0,True
ministral_lora,132,2917,3383,15.9800,0,0,0,0,0,0,0,True
ministral_lora,133,3106,4315,38.9200,0,5,14,1,1,3,24,False
ministral_lora,134,1271,1296,1.9700,0,0,0,0,0,0,0,True
ministral_lora,135,2891,3470,20.0300,0,0,0,0,0,0,0,True
ministral_lora,136,1810,1936,6.9600,0,0,0,0,0,0,0,True
ministral_lora,137,2875,2927,1.8100,0,0,0,0,0,0,0,True
ministral_lora,138,1493,1560,4.4900,0,0,0,0,0,0,0,True
ministral_lora,139,1230,1436,16.7500,0,0,0,0,0,0,0,True
ministral_lora,140,802,802,0.0000,0,0,0,0,0,0,0,True
ministral_lora,141,466,466,0.0000,0,0,0,0,0,0,0,True
ministral_lora,142,1434,1440,0.4200,0,0,0,0,0,0,0,True
ministral_lora,143,1654,1654,0.0000,0,0,0,0,0,0,0,True
ministral_lora,144,3094,3739,20.8500,0,0,0,0,0,0,0,True
ministral_lora,145,2117,2117,0.0000,0,0,0,0,0,0,0,True
ministral_lora,146,931,945,1.5000,0,0,0,0,0,0,0,True
ministral_lora,147,1336,1336,0.0000,0,0,0,0,0,0,0,True
ministral_lora,148,3185,9361,193.9100,0,22,24,9,11,8,74,False
ministral_lora,149,856,856,0.0000,0,0,0,0,0,0,0,True
ministral_lora,150,243,243,0.0000,0,0,0,0,0,0,0,True
ministral_lora,151,1376,1376,0.0000,0,0,0,0,0,0,0,True
ministral_lora,152,588,674,14.6300,0,0,0,0,0,0,0,True
ministral_lora,153,2058,2058,0.0000,0,0,0,0,0,0,0,True
ministral_lora,154,1331,1419,6.6100,0,0,0,0,0,0,0,True
ministral_lora,155,2328,2328,0.0000,0,0,0,0,0,0,0,True
ministral_lora,156,1639,1687,2.9300,0,0,0,0,0,0,0,True
ministral_lora,157,804,824,2.4900,0,0,0,0,0,0,0,True
ministral_lora,158,254,297,16.9300,0,0,0,0,0,0,0,True
ministral_lora,159,1617,1782,10.2000,0,0,0,0,0,0,0,True
ministral_lora,160,801,857,6.9900,0,0,0,0,0,0,0,True
ministral_lora,161,1695,1864,9.9700,0,0,0,0,0,0,0,True
ministral_lora,162,1383,1442,4.2700,0,0,0,0,0,0,0,True
ministral_lora,163,2859,3361,17.5600,0,0,0,0,0,0,0,True
ministral_lora,164,873,873,0.0000,0,0,0,0,0,0,0,True
ministral_lora,165,543,543,0.0000,0,0,0,0,0,0,0,True
ministral_lora,166,412,460,11.6500,0,0,0,0,0,0,0,True
ministral_lora,167,583,595,2.0600,0,0,0,0,0,0,0,True
ministral_lora,168,615,753,22.4400,0,0,0,0,0,0,0,True
ministral_lora,169,545,545,0.0000,0,0,0,0,0,0,0,True
ministral_lora,170,1799,2145,19.2300,0,0,0,0,0,0,0,True
ministral_lora,171,72,72,0.0000,0,0,0,0,0,0,0,True
ministral_lora,172,2254,2644,17.3000,0,0,0,0,0,0,0,True
ministral_lora,173,870,870,0.0000,0,0,0,0,0,0,0,True
ministral_lora,174,1258,1345,6.9200,0,0,0,0,0,0,0,True
ministral_lora,175,612,694,13.4000,0,0,0,0,0,0,0,True
ministral_lora,176,359,567,57.9400,1,6,1,2,0,0,10,False
ministral_lora,177,57,64,12.2800,0,0,0,0,0,0,0,True
ministral_lora,178,1420,1428,0.5600,0,0,0,0,0,0,0,True
ministral_lora,179,1867,2096,12.2700,0,0,0,0,0,0,0,True
ministral_lora,180,441,447,1.3600,0,0,0,0,0,0,0,True
ministral_lora,181,1052,1106,5.1300,0,0,0,0,0,0,0,True
ministral_lora,182,162,162,0.0000,0,0,0,0,0,0,0,True
ministral_lora,183,1527,1527,0.0000,0,0,0,0,0,0,0,True
ministral_lora,184,667,707,6.0000,0,0,0,0,0,0,0,True
ministral_lora,185,1851,1920,3.7300,0,0,0,0,0,0,0,True
ministral_lora,186,1335,1404,5.1700,0,0,0,0,0,0,0,True
ministral_lora,187,2042,2363,15.7200,0,0,0,0,0,0,0,True
ministral_lora,188,1700,1713,0.7600,0,0,0,0,0,0,0,True
ministral_lora,189,1390,1390,0.0000,0,0,0,0,0,0,0,True
ministral_lora,190,1296,1360,4.9400,0,0,0,0,0,0,0,True
ministral_lora,191,1451,1481,2.0700,0,0,0,0,0,0,0,True
ministral_lora,192,143,151,5.5900,0,0,0,0,0,0,0,True
ministral_lora,193,860,860,0.0000,0,0,0,0,0,0,0,True
ministral_lora,194,1187,1387,16.8500,0,0,0,0,0,0,0,True
ministral_lora,195,219,280,27.8500,0,0,0,0,0,0,0,True
ministral_lora,196,2582,2854,10.5300,0,0,0,0,0,0,0,True
ministral_lora,197,1876,1942,3.5200,0,0,0,0,0,0,0,True
ministral_lora,198,1888,1970,4.3400,0,0,0,0,0,0,0,True
ministral_lora,199,402,443,10.2000,0,0,0,0,0,0,0,True
ministral_lora,200,1622,1787,10.1700,0,0,0,0,0,0,0,True
ministral_rslora,1,977,977,0.0000,0,0,0,0,0,0,0,True
ministral_rslora,2,941,1006,6.9100,1,0,6,0,0,0,7,False
ministral_rslora,3,1402,1402,0.0000,0,0,0,0,0,0,0,True
ministral_rslora,4,1565,1749,11.7600,0,0,0,0,0,0,0,True
ministral_rslora,5,1286,1430,11.2000,0,0,0,0,0,0,0,True
ministral_rslora,6,449,456,1.5600,0,0,0,0,0,0,0,True
ministral_rslora,7,462,531,14.9400,0,0,0,0,0,0,0,True
ministral_rslora,8,498,512,2.8100,0,0,0,0,0,0,0,True
ministral_rslora,9,1157,1157,0.0000,1,0,3,0,0,0,4,False
ministral_rslora,10,71,71,0.0000,0,0,0,0,0,0,0,True
ministral_rslora,11,146,146,0.0000,0,0,0,0,0,0,0,True
ministral_rslora,12,409,472,15.4000,0,0,0,0,0,0,0,True
ministral_rslora,13,1289,1312,1.7800,0,0,0,0,0,0,0,True
ministral_rslora,14,525,525,0.0000,0,0,0,0,0,0,0,True
ministral_rslora,15,854,1076,26.0000,0,0,0,0,0,0,0,True
ministral_rslora,16,2499,2741,9.6800,1,0,4,0,0,0,5,False
ministral_rslora,17,1223,1687,37.9400,0,8,0,0,0,0,8,False
ministral_rslora,18,955,1280,34.0300,0,0,0,0,0,0,0,True
ministral_rslora,19,332,369,11.1400,0,0,0,0,0,0,0,True
ministral_rslora,20,686,747,8.8900,1,0,3,0,0,0,4,False
ministral_rslora,21,358,358,0.0000,0,0,0,0,0,0,0,True
ministral_rslora,22,2396,2427,1.2900,1,0,2,0,0,0,3,False
ministral_rslora,23,127,243,91.3400,0,41,8,0,0,0,49,False
ministral_rslora,24,2960,3494,18.0400,0,0,0,0,0,0,0,True
ministral_rslora,25,1402,1548,10.4100,1,0,5,0,0,0,6,False
ministral_rslora,26,374,462,23.5300,1,5,10,0,0,1,17,False
ministral_rslora,27,2277,2523,10.8000,0,0,0,0,0,0,0,True
ministral_rslora,28,490,1324,170.2000,0,53,1,0,2,0,56,False
ministral_rslora,29,755,755,0.0000,0,0,0,0,0,0,0,True
ministral_rslora,30,2566,3581,39.5600,0,3,0,0,0,0,3,False
ministral_rslora,31,280,299,6.7900,0,0,0,0,0,0,0,True
ministral_rslora,32,1651,2319,40.4600,0,5,1,0,0,0,6,False
ministral_rslora,33,300,300,0.0000,0,0,0,0,0,0,0,True
ministral_rslora,34,1580,1900,20.2500,0,0,0,0,0,0,0,True
ministral_rslora,35,427,567,32.7900,1,0,7,0,0,0,8,False
ministral_rslora,36,2614,14697,462.2400,0,129,43,102,22,26,322,False
ministral_rslora,37,65,83,27.6900,1,0,4,0,0,0,5,False
ministral_rslora,38,521,555,6.5300,0,0,0,0,0,0,0,True
ministral_rslora,39,309,309,0.0000,0,0,0,0,0,0,0,True
ministral_rslora,40,2180,2180,0.0000,0,0,0,0,0,0,0,True
ministral_rslora,41,1709,1709,0.0000,0,0,0,0,0,0,0,True
ministral_rslora,42,1271,1281,0.7900,1,0,2,0,0,0,3,False
ministral_rslora,43,1442,1499,3.9500,0,0,0,0,0,0,0,True
ministral_rslora,44,1525,1525,0.0000,0,0,0,0,0,0,0,True
ministral_rslora,45,523,529,1.1500,0,0,0,0,0,0,0,True
ministral_rslora,46,857,957,11.6700,0,0,1,0,0,0,1,False
ministral_rslora,47,1019,1143,12.1700,0,0,0,0,0,0,0,True
ministral_rslora,48,2597,2892,11.3600,0,0,0,0,0,0,0,True
ministral_rslora,49,2987,3030,1.4400,1,0,6,0,0,0,7,False
ministral_rslora,50,2590,2740,5.7900,1,0,5,0,0,0,6,False
ministral_rslora,51,1430,1430,0.0000,0,0,0,0,0,0,0,True
ministral_rslora,52,435,435,0.0000,0,0,0,0,0,0,0,True
ministral_rslora,53,1598,1598,0.0000,1,0,1,0,0,0,2,False
ministral_rslora,54,422,491,16.3500,0,0,0,0,0,0,0,True
ministral_rslora,55,1365,1479,8.3500,1,0,4,0,0,0,5,False
ministral_rslora,56,1077,3168,194.1500,0,121,31,18,10,3,183,False
ministral_rslora,57,242,841,247.5200,0,113,14,12,0,2,141,False
ministral_rslora,58,727,769,5.7800,0,0,0,0,0,0,0,True
ministral_rslora,59,861,994,15.4500,1,0,2,0,0,0,3,False
ministral_rslora,60,2466,8038,225.9500,0,112,44,71,41,23,291,False
ministral_rslora,61,693,710,2.4500,1,0,3,0,0,0,4,False
ministral_rslora,62,1466,1608,9.6900,0,0,0,0,0,0,0,True
ministral_rslora,63,45,49,8.8900,0,0,0,0,0,0,0,True
ministral_rslora,64,1819,1972,8.4100,0,0,0,0,0,0,0,True
ministral_rslora,65,591,767,29.7800,0,0,0,0,0,0,0,True
ministral_rslora,66,532,1110,108.6500,0,34,8,0,0,0,42,False
ministral_rslora,67,1064,1189,11.7500,0,0,0,0,0,0,0,True
ministral_rslora,68,1157,1324,14.4300,0,0,0,0,0,0,0,True
ministral_rslora,69,1121,1121,0.0000,0,0,0,0,0,0,0,True
ministral_rslora,70,545,651,19.4500,0,0,0,0,0,0,0,True
ministral_rslora,71,1016,1218,19.8800,0,0,0,0,0,0,0,True
ministral_rslora,72,674,834,23.7400,0,0,0,0,0,0,0,True
ministral_rslora,73,340,352,3.5300,0,0,0,0,0,0,0,True
ministral_rslora,74,329,329,0.0000,0,0,0,0,0,0,0,True
ministral_rslora,75,1621,1621,0.0000,0,0,0,0,0,0,0,True
ministral_rslora,76,744,823,10.6200,0,0,0,0,0,0,0,True
ministral_rslora,77,2435,7558,210.3900,0,131,30,84,25,12,282,False
ministral_rslora,78,698,698,0.0000,0,0,0,0,0,0,0,True
ministral_rslora,79,1414,1797,27.0900,0,0,0,0,0,0,0,True
ministral_rslora,80,2241,2339,4.3700,0,0,0,0,0,0,0,True
ministral_rslora,81,364,364,0.0000,0,0,0,0,0,0,0,True
ministral_rslora,82,4012,13215,229.3900,0,129,51,114,35,26,355,False
ministral_rslora,83,338,338,0.0000,0,0,0,0,0,0,0,True
ministral_rslora,84,930,930,0.0000,0,0,0,0,0,0,0,True
ministral_rslora,85,2063,6885,233.7400,0,139,35,98,24,18,314,False
ministral_rslora,86,495,571,15.3500,0,0,0,0,0,0,0,True
ministral_rslora,87,1884,2203,16.9300,0,0,0,0,0,0,0,True
ministral_rslora,88,1328,1373,3.3900,0,0,0,0,0,0,0,True
ministral_rslora,89,250,268,7.2000,1,0,3,0,0,0,4,False
ministral_rslora,90,301,301,0.0000,0,0,0,0,0,0,0,True
ministral_rslora,91,1685,2328,38.1600,0,0,0,0,0,0,0,True
ministral_rslora,92,2329,4866,108.9300,0,113,38,68,20,10,249,False
ministral_rslora,93,2787,2992,7.3600,0,0,0,0,0,0,0,True
ministral_rslora,94,177,177,0.0000,0,0,0,0,0,0,0,True
ministral_rslora,95,706,788,11.6100,1,0,3,0,0,0,4,False
ministral_rslora,96,822,926,12.6500,0,0,0,0,0,0,0,True
ministral_rslora,97,571,4879,754.4700,0,145,40,56,17,19,277,False
ministral_rslora,98,422,424,0.4700,0,0,0,0,0,0,0,True
ministral_rslora,99,895,933,4.2500,0,0,0,0,0,0,0,True
ministral_rslora,100,2448,2716,10.9500,0,0,0,0,0,0,0,True
ministral_rslora,101,2704,6772,150.4400,0,131,43,107,30,23,334,False
ministral_rslora,102,999,1781,78.2800,1,6,7,0,0,0,14,False
ministral_rslora,103,1063,1173,10.3500,0,0,0,0,0,0,0,True
ministral_rslora,104,1136,1173,3.2600,1,0,5,0,0,0,6,False
ministral_rslora,105,2374,3323,39.9700,1,5,2,0,0,0,8,False
ministral_rslora,106,445,445,0.0000,1,0,3,0,0,0,4,False
ministral_rslora,107,435,435,0.0000,0,0,0,0,0,0,0,True
ministral_rslora,108,1605,1605,0.0000,1,0,4,0,0,0,5,False
ministral_rslora,109,1757,1757,0.0000,1,0,3,0,0,0,4,False
ministral_rslora,110,1637,1870,14.2300,1,0,5,0,0,0,6,False
ministral_rslora,111,154,192,24.6800,1,2,7,0,0,0,10,False
ministral_rslora,112,2959,3376,14.0900,0,0,0,0,0,0,0,True
ministral_rslora,113,947,947,0.0000,0,0,0,0,0,0,0,True
ministral_rslora,114,958,1051,9.7100,0,0,0,0,0,0,0,True
ministral_rslora,115,639,766,19.8700,1,0,0,0,0,0,1,False
ministral_rslora,116,753,753,0.0000,0,0,0,0,0,0,0,True
ministral_rslora,117,878,1214,38.2700,1,0,7,0,0,0,8,False
ministral_rslora,118,1561,1711,9.6100,0,0,0,0,0,0,0,True
ministral_rslora,119,1504,1616,7.4500,1,0,4,0,0,0,5,False
ministral_rslora,120,157,556,254.1400,0,153,21,16,1,1,192,False
ministral_rslora,121,1041,1217,16.9100,0,0,0,0,0,0,0,True
ministral_rslora,122,53,57,7.5500,0,0,0,0,0,0,0,True
ministral_rslora,123,356,356,0.0000,0,0,0,0,0,0,0,True
ministral_rslora,124,486,660,35.8000,0,0,0,0,0,0,0,True
ministral_rslora,125,1681,1683,0.1200,1,0,3,0,0,0,4,False
ministral_rslora,126,890,890,0.0000,0,0,0,0,0,0,0,True
ministral_rslora,127,1315,1315,0.0000,0,0,0,0,0,0,0,True
ministral_rslora,128,520,2848,447.6900,0,138,23,7,7,2,177,False
ministral_rslora,129,972,972,0.0000,0,0,0,0,0,0,0,True
ministral_rslora,130,58,70,20.6900,0,0,0,0,0,0,0,True
ministral_rslora,131,59,61,3.3900,0,0,0,0,0,0,0,True
ministral_rslora,132,2917,4009,37.4400,0,7,16,9,1,6,39,False
ministral_rslora,133,3106,4805,54.7000,0,111,52,93,31,30,317,False
ministral_rslora,134,1271,1560,22.7400,1,0,2,0,0,0,3,False
ministral_rslora,135,2891,11866,310.4500,0,2,4,0,1,0,7,False
ministral_rslora,136,1810,1950,7.7300,0,0,0,0,0,0,0,True
ministral_rslora,137,2875,3039,5.7000,0,0,0,0,0,0,0,True
ministral_rslora,138,1493,1613,8.0400,1,0,4,0,0,0,5,False
ministral_rslora,139,1230,1436,16.7500,0,0,0,0,0,0,0,True
ministral_rslora,140,802,932,16.2100,0,0,0,0,0,0,0,True
ministral_rslora,141,466,484,3.8600,0,0,0,0,0,0,0,True
ministral_rslora,142,1434,1434,0.0000,0,0,0,0,0,0,0,True
ministral_rslora,143,1654,2007,21.3400,0,0,0,0,0,0,0,True
ministral_rslora,144,3094,3892,25.7900,0,12,6,12,0,4,34,False
ministral_rslora,145,2117,2194,3.6400,0,0,0,0,0,0,0,True
ministral_rslora,146,931,1032,10.8500,0,0,0,0,0,0,0,True
ministral_rslora,147,1336,1440,7.7800,0,0,0,0,0,0,0,True
ministral_rslora,148,3185,12210,283.3600,0,129,39,108,17,27,320,False
ministral_rslora,149,856,856,0.0000,1,0,1,0,0,0,2,False
ministral_rslora,150,243,255,4.9400,0,0,0,0,0,0,0,True
ministral_rslora,151,1376,1398,1.6000,0,0,0,0,0,0,0,True
ministral_rslora,152,588,642,9.1800,0,0,0,0,0,0,0,True
ministral_rslora,153,2058,2058,0.0000,0,0,0,0,0,0,0,True
ministral_rslora,154,1331,1432,7.5900,0,0,0,0,0,0,0,True
ministral_rslora,155,2328,2328,0.0000,0,0,0,0,0,0,0,True
ministral_rslora,156,1639,1687,2.9300,1,0,5,0,0,0,6,False
ministral_rslora,157,804,873,8.5800,1,0,3,0,0,0,4,False
ministral_rslora,158,254,286,12.6000,0,0,0,0,0,0,0,True
ministral_rslora,159,1617,3752,132.0300,0,34,16,0,1,1,52,False
ministral_rslora,160,801,939,17.2300,0,0,0,0,0,0,0,True
ministral_rslora,161,1695,2499,47.4300,1,7,7,0,0,0,15,False
ministral_rslora,162,1383,1496,8.1700,1,0,5,0,0,0,6,False
ministral_rslora,163,2859,3413,19.3800,0,0,0,0,0,0,0,True
ministral_rslora,164,873,856,-1.9500,2,0,0,0,0,0,2,False
ministral_rslora,165,543,556,2.3900,0,0,0,0,0,0,0,True
ministral_rslora,166,412,460,11.6500,0,0,0,0,0,0,0,True
ministral_rslora,167,583,583,0.0000,0,0,0,0,0,0,0,True
ministral_rslora,168,615,731,18.8600,0,0,1,0,0,0,1,False
ministral_rslora,169,545,545,0.0000,0,0,0,0,0,0,0,True
ministral_rslora,170,1799,2156,19.8400,1,0,5,0,0,0,6,False
ministral_rslora,171,72,72,0.0000,0,0,0,0,0,0,0,True
ministral_rslora,172,2254,3086,36.9100,2,4,0,0,0,0,6,False
ministral_rslora,173,870,870,0.0000,0,0,0,0,0,0,0,True
ministral_rslora,174,1258,1507,19.7900,0,2,0,0,0,0,2,False
ministral_rslora,175,612,746,21.9000,0,0,0,0,0,0,0,True
ministral_rslora,176,359,1315,266.3000,0,144,21,12,3,1,181,False
ministral_rslora,177,57,78,36.8400,0,7,0,2,0,1,10,False
ministral_rslora,178,1420,1759,23.8700,1,0,4,0,0,0,5,False
ministral_rslora,179,1867,2775,48.6300,0,4,0,0,0,0,4,False
ministral_rslora,180,441,496,12.4700,0,0,0,0,0,0,0,True
ministral_rslora,181,1052,1128,7.2200,1,0,3,0,0,0,4,False
ministral_rslora,182,162,162,0.0000,0,0,0,0,0,0,0,True
ministral_rslora,183,1527,1527,0.0000,0,0,0,0,0,0,0,True
ministral_rslora,184,667,753,12.8900,0,0,0,0,0,0,0,True
ministral_rslora,185,1851,1851,0.0000,0,0,0,0,0,0,0,True
ministral_rslora,186,1335,1404,5.1700,0,0,0,0,0,0,0,True
ministral_rslora,187,2042,2579,26.3000,1,3,10,0,0,0,14,False
ministral_rslora,188,1700,1924,13.1800,0,0,0,0,0,0,0,True
ministral_rslora,189,1390,1390,0.0000,0,0,0,0,0,0,0,True
ministral_rslora,190,1296,1493,15.2000,0,0,0,0,0,0,0,True
ministral_rslora,191,1451,1451,0.0000,0,0,0,0,0,0,0,True
ministral_rslora,192,143,151,5.5900,0,0,0,0,0,0,0,True
ministral_rslora,193,860,865,0.5800,0,0,0,0,0,0,0,True
ministral_rslora,194,1187,1375,15.8400,0,0,0,0,0,0,0,True
ministral_rslora,195,219,351,60.2700,0,22,8,0,0,0,30,False
ministral_rslora,196,2582,2896,12.1600,1,0,4,0,0,0,5,False
ministral_rslora,197,1876,2159,15.0900,0,0,0,0,0,0,0,True
ministral_rslora,198,1888,1955,3.5500,1,0,3,0,0,0,4,False
ministral_rslora,199,402,443,10.2000,0,0,0,0,0,0,0,True
ministral_rslora,200,1622,2009,23.8600,0,0,0,0,0,0,0,True
granite_lora,1,977,977,0.0000,0,0,0,0,0,0,0,True
granite_lora,2,941,1079,14.6700,0,0,0,0,0,0,0,True
granite_lora,3,1402,1402,0.0000,0,0,0,0,0,0,0,True
granite_lora,4,1565,1616,3.2600,0,0,0,0,0,0,0,True
granite_lora,5,1286,1294,0.6200,0,0,0,0,0,0,0,True
granite_lora,6,449,449,0.0000,0,0,0,0,0,0,0,True
granite_lora,7,462,581,25.7600,0,0,0,0,0,0,0,True
granite_lora,8,498,498,0.0000,0,0,0,0,0,0,0,True
granite_lora,9,1157,1157,0.0000,0,0,0,0,0,0,0,True
granite_lora,10,71,71,0.0000,0,0,0,0,0,0,0,True
granite_lora,11,146,146,0.0000,0,0,0,0,0,0,0,True
granite_lora,12,409,409,0.0000,0,0,0,0,0,0,0,True
granite_lora,13,1289,1289,0.0000,0,0,0,0,0,0,0,True
granite_lora,14,525,525,0.0000,0,0,0,0,0,0,0,True
granite_lora,15,854,864,1.1700,0,0,0,0,0,0,0,True
granite_lora,16,2499,2838,13.5700,0,0,0,0,0,0,0,True
granite_lora,17,1223,1488,21.6700,0,9,7,11,1,5,33,False
granite_lora,18,955,1022,7.0200,0,0,0,0,0,0,0,True
granite_lora,19,332,332,0.0000,0,0,0,0,0,0,0,True
granite_lora,20,686,686,0.0000,0,0,0,0,0,0,0,True
granite_lora,21,358,358,0.0000,0,0,0,0,0,0,0,True
granite_lora,22,2396,2396,0.0000,0,0,0,0,0,0,0,True
granite_lora,23,127,620,388.1900,0,148,1,0,0,0,149,False
granite_lora,24,2960,3342,12.9100,0,0,0,0,0,0,0,True
granite_lora,25,1402,1548,10.4100,0,0,0,0,0,0,0,True
granite_lora,26,374,488,30.4800,1,0,0,0,0,0,1,False
granite_lora,27,2277,2498,9.7100,0,0,0,0,0,0,0,True
granite_lora,28,490,1533,212.8600,0,82,6,6,0,3,97,False
granite_lora,29,755,755,0.0000,0,0,0,0,0,0,0,True
granite_lora,30,2566,2925,13.9900,0,0,0,0,0,0,0,True
granite_lora,31,280,280,0.0000,0,0,0,0,0,0,0,True
granite_lora,32,1651,2323,40.7000,0,15,0,0,0,0,15,False
granite_lora,33,300,300,0.0000,0,0,0,0,0,0,0,True
granite_lora,34,1580,1778,12.5300,0,0,0,0,0,0,0,True
granite_lora,35,427,546,27.8700,0,0,0,0,0,0,0,True
granite_lora,36,2614,13336,410.1800,0,110,16,18,10,7,161,False
granite_lora,37,65,67,3.0800,0,0,0,0,0,0,0,True
granite_lora,38,521,557,6.9100,0,0,0,0,0,0,0,True
granite_lora,39,309,309,0.0000,0,0,0,0,0,0,0,True
granite_lora,40,2180,2180,0.0000,0,0,0,0,0,0,0,True
granite_lora,41,1709,1709,0.0000,0,0,0,0,0,0,0,True
granite_lora,42,1271,1281,0.7900,0,0,0,0,0,0,0,True
granite_lora,43,1442,1522,5.5500,0,0,0,0,0,0,0,True
granite_lora,44,1525,1525,0.0000,0,0,0,0,0,0,0,True
granite_lora,45,523,523,0.0000,0,0,0,0,0,0,0,True
granite_lora,46,857,1029,20.0700,0,0,0,0,0,0,0,True
granite_lora,47,1019,1019,0.0000,0,0,0,0,0,0,0,True
granite_lora,48,2597,2597,0.0000,0,0,0,0,0,0,0,True
granite_lora,49,2987,2987,0.0000,0,0,0,0,0,0,0,True
granite_lora,50,2590,3102,19.7700,0,0,0,0,0,0,0,True
granite_lora,51,1430,1430,0.0000,0,0,0,0,0,0,0,True
granite_lora,52,435,435,0.0000,0,0,0,0,0,0,0,True
granite_lora,53,1598,1598,0.0000,0,0,0,0,0,0,0,True
granite_lora,54,422,542,28.4400,0,0,0,0,0,0,0,True
granite_lora,55,1365,1380,1.1000,0,0,0,0,0,0,0,True
granite_lora,56,1077,3968,268.4300,0,101,29,0,0,0,130,False
granite_lora,57,242,1026,323.9700,0,134,4,0,0,0,138,False
granite_lora,58,727,727,0.0000,0,0,0,0,0,0,0,True
granite_lora,59,861,938,8.9400,0,0,0,0,0,0,0,True
granite_lora,60,2466,9033,266.3000,0,94,22,0,4,0,120,False
granite_lora,61,693,713,2.8900,0,0,0,0,0,0,0,True
granite_lora,62,1466,1592,8.5900,0,0,0,0,0,0,0,True
granite_lora,63,45,48,6.6700,0,0,0,0,0,0,0,True
granite_lora,64,1819,2127,16.9300,0,0,0,0,0,0,0,True
granite_lora,65,591,744,25.8900,1,0,0,0,0,0,1,False
granite_lora,66,532,611,14.8500,3,0,4,0,0,0,7,False
granite_lora,67,1064,1228,15.4100,0,0,0,0,0,0,0,True
granite_lora,68,1157,1324,14.4300,0,0,0,0,0,0,0,True
granite_lora,69,1121,1121,0.0000,0,0,0,0,0,0,0,True
granite_lora,70,545,655,20.1800,0,0,0,0,0,0,0,True
granite_lora,71,1016,1179,16.0400,0,0,0,0,0,0,0,True
granite_lora,72,674,674,0.0000,0,0,0,0,0,0,0,True
granite_lora,73,340,360,5.8800,0,0,0,0,0,0,0,True
granite_lora,74,329,344,4.5600,0,0,0,0,0,0,0,True
granite_lora,75,1621,1621,0.0000,0,0,0,0,0,0,0,True
granite_lora,76,744,823,10.6200,0,0,0,0,0,0,0,True
granite_lora,77,2435,7174,194.6200,0,112,34,47,2,12,207,False
granite_lora,78,698,698,0.0000,0,0,0,0,0,0,0,True
granite_lora,79,1414,1650,16.6900,0,0,0,0,0,0,0,True
granite_lora,80,2241,2314,3.2600,0,0,0,0,0,0,0,True
granite_lora,81,364,364,0.0000,0,0,0,0,0,0,0,True
granite_lora,82,4012,9846,145.4100,0,110,39,65,7,28,249,False
granite_lora,83,338,338,0.0000,0,0,0,0,0,0,0,True
granite_lora,84,930,930,0.0000,0,0,0,0,0,0,0,True
granite_lora,85,2063,12848,522.7800,0,117,1,1,8,0,127,False
granite_lora,86,495,495,0.0000,0,0,0,0,0,0,0,True
granite_lora,87,1884,2159,14.6000,0,0,0,0,0,0,0,True
granite_lora,88,1328,1328,0.0000,0,0,0,0,0,0,0,True
granite_lora,89,250,250,0.0000,0,0,0,0,0,0,0,True
granite_lora,90,301,378,25.5800,0,0,0,0,0,0,0,True
granite_lora,91,1685,1817,7.8300,0,0,0,0,0,0,0,True
granite_lora,92,2329,9611,312.6700,0,93,33,8,8,2,144,False
granite_lora,93,2787,3003,7.7500,0,0,0,0,0,0,0,True
granite_lora,94,177,177,0.0000,0,0,0,0,0,0,0,True
granite_lora,95,706,746,5.6700,0,0,0,0,0,0,0,True
granite_lora,96,822,822,0.0000,0,0,0,0,0,0,0,True
granite_lora,97,571,2090,266.0200,0,120,8,0,1,0,129,False
granite_lora,98,422,422,0.0000,0,0,0,0,0,0,0,True
granite_lora,99,895,1040,16.2000,0,0,0,0,0,0,0,True
granite_lora,100,2448,2582,5.4700,0,0,0,0,0,0,0,True
granite_lora,101,2704,9911,266.5300,0,111,16,12,6,10,155,False
granite_lora,102,999,1115,11.6100,0,0,0,0,0,0,0,True
granite_lora,103,1063,1151,8.2800,0,0,0,0,0,0,0,True
granite_lora,104,1136,1209,6.4300,0,0,0,0,0,0,0,True
granite_lora,105,2374,12031,406.7800,0,113,15,45,7,9,189,False
granite_lora,106,445,453,1.8000,0,0,0,0,0,0,0,True
granite_lora,107,435,449,3.2200,0,0,0,0,0,0,0,True
granite_lora,108,1605,1904,18.6300,0,0,0,0,0,0,0,True
granite_lora,109,1757,1757,0.0000,0,0,0,0,0,0,0,True
granite_lora,110,1637,1676,2.3800,0,0,0,0,0,0,0,True
granite_lora,111,154,172,11.6900,0,0,0,0,0,0,0,True
granite_lora,112,2959,3294,11.3200,0,0,0,0,0,0,0,True
granite_lora,113,947,947,0.0000,0,0,0,0,0,0,0,True
granite_lora,114,958,1016,6.0500,0,0,0,0,0,0,0,True
granite_lora,115,639,721,12.8300,0,2,0,0,0,0,2,False
granite_lora,116,753,753,0.0000,0,0,0,0,0,0,0,True
granite_lora,117,878,5168,488.6100,0,129,1,0,2,0,132,False
granite_lora,118,1561,1634,4.6800,0,0,0,0,0,0,0,True
granite_lora,119,1504,1616,7.4500,0,0,0,0,0,0,0,True
granite_lora,120,157,593,277.7100,1,129,16,0,0,0,146,False
granite_lora,121,1041,1066,2.4000,0,0,0,0,0,0,0,True
granite_lora,122,53,53,0.0000,0,0,0,0,0,0,0,True
granite_lora,123,356,357,0.2800,0,0,0,0,0,0,0,True
granite_lora,124,486,589,21.1900,0,0,0,0,0,0,0,True
granite_lora,125,1681,1681,0.0000,0,0,0,0,0,0,0,True
granite_lora,126,890,890,0.0000,0,0,0,0,0,0,0,True
granite_lora,127,1315,1324,0.6800,0,0,0,0,0,0,0,True
granite_lora,128,520,2315,345.1900,0,128,3,0,0,0,131,False
granite_lora,129,972,972,0.0000,0,0,0,0,0,0,0,True
granite_lora,130,58,62,6.9000,0,0,0,0,0,0,0,True
granite_lora,131,59,59,0.0000,0,0,0,0,0,0,0,True
granite_lora,132,2917,3478,19.2300,0,1,0,0,0,0,1,False
granite_lora,133,3106,20630,564.2000,0,89,29,3,23,2,146,False
granite_lora,134,1271,1296,1.9700,0,0,0,0,0,0,0,True
granite_lora,135,2891,3678,27.2200,0,0,0,0,0,0,0,True
granite_lora,136,1810,1936,6.9600,0,0,0,0,0,0,0,True
granite_lora,137,2875,2956,2.8200,0,0,0,0,0,0,0,True
granite_lora,138,1493,1517,1.6100,0,0,0,0,0,0,0,True
granite_lora,139,1230,1358,10.4100,0,0,0,0,0,0,0,True
granite_lora,140,802,802,0.0000,0,0,0,0,0,0,0,True
granite_lora,141,466,466,0.0000,0,0,0,0,0,0,0,True
granite_lora,142,1434,1440,0.4200,0,0,0,0,0,0,0,True
granite_lora,143,1654,1714,3.6300,0,0,0,0,0,0,0,True
granite_lora,144,3094,3803,22.9200,0,1,0,0,0,0,1,False
granite_lora,145,2117,2271,7.2700,0,0,0,0,0,0,0,True
granite_lora,146,931,935,0.4300,0,0,0,0,0,0,0,True
granite_lora,147,1336,1336,0.0000,0,0,0,0,0,0,0,True
granite_lora,148,3185,3503,9.9800,3,0,0,0,0,0,3,False
granite_lora,149,856,856,0.0000,0,0,0,0,0,0,0,True
granite_lora,150,243,243,0.0000,0,0,0,0,0,0,0,True
granite_lora,151,1376,1376,0.0000,0,0,0,0,0,0,0,True
granite_lora,152,588,588,0.0000,0,0,0,0,0,0,0,True
granite_lora,153,2058,2058,0.0000,0,0,0,0,0,0,0,True
granite_lora,154,1331,1471,10.5200,0,0,0,0,0,0,0,True
granite_lora,155,2328,2437,4.6800,0,0,0,0,0,0,0,True
granite_lora,156,1639,1687,2.9300,0,0,0,0,0,0,0,True
granite_lora,157,804,843,4.8500,0,0,0,0,0,0,0,True
granite_lora,158,254,279,9.8400,0,0,0,0,0,0,0,True
granite_lora,159,1617,5467,238.1000,0,116,13,17,3,4,153,False
granite_lora,160,801,965,20.4700,0,0,0,0,0,0,0,True
granite_lora,161,1695,1876,10.6800,0,0,0,0,0,0,0,True
granite_lora,162,1383,1593,15.1800,0,0,0,0,0,0,0,True
granite_lora,163,2859,3090,8.0800,0,0,0,0,0,0,0,True
granite_lora,164,873,873,0.0000,0,0,0,0,0,0,0,True
granite_lora,165,543,543,0.0000,0,0,0,0,0,0,0,True
granite_lora,166,412,417,1.2100,0,0,0,0,0,0,0,True
granite_lora,167,583,595,2.0600,0,0,0,0,0,0,0,True
granite_lora,168,615,688,11.8700,0,0,0,0,0,0,0,True
granite_lora,169,545,545,0.0000,0,0,0,0,0,0,0,True
granite_lora,170,1799,1837,2.1100,0,0,0,0,0,0,0,True
granite_lora,171,72,72,0.0000,0,0,0,0,0,0,0,True
granite_lora,172,2254,3949,75.2000,0,11,0,0,0,0,11,False
granite_lora,173,870,888,2.0700,0,0,0,0,0,0,0,True
granite_lora,174,1258,1360,8.1100,0,0,0,0,0,0,0,True
granite_lora,175,612,626,2.2900,0,0,0,0,0,0,0,True
granite_lora,176,359,1149,220.0600,0,120,12,1,2,0,135,False
granite_lora,177,57,332,482.4600,0,159,0,0,1,0,160,False
granite_lora,178,1420,1420,0.0000,0,0,0,0,0,0,0,True
granite_lora,179,1867,2359,26.3500,0,0,0,0,0,0,0,True
granite_lora,180,441,489,10.8800,0,0,0,0,0,0,0,True
granite_lora,181,1052,1093,3.9000,0,0,0,0,0,0,0,True
granite_lora,182,162,162,0.0000,0,0,0,0,0,0,0,True
granite_lora,183,1527,1527,0.0000,0,0,0,0,0,0,0,True
granite_lora,184,667,753,12.8900,0,0,0,0,0,0,0,True
granite_lora,185,1851,1906,2.9700,0,0,0,0,0,0,0,True
granite_lora,186,1335,1361,1.9500,0,0,0,0,0,0,0,True
granite_lora,187,2042,2561,25.4200,0,0,0,0,0,0,0,True
granite_lora,188,1700,1757,3.3500,0,0,0,0,0,0,0,True
granite_lora,189,1390,1390,0.0000,0,0,0,0,0,0,0,True
granite_lora,190,1296,1391,7.3300,0,0,0,0,0,0,0,True
granite_lora,191,1451,1451,0.0000,0,0,0,0,0,0,0,True
granite_lora,192,143,147,2.8000,0,0,0,0,0,0,0,True
granite_lora,193,860,860,0.0000,0,0,0,0,0,0,0,True
granite_lora,194,1187,1187,0.0000,0,0,0,0,0,0,0,True
granite_lora,195,219,1092,398.6300,0,142,0,2,0,0,144,False
granite_lora,196,2582,2835,9.8000,0,0,0,0,0,0,0,True
granite_lora,197,1876,2207,17.6400,0,4,0,0,0,0,4,False
granite_lora,198,1888,2165,14.6700,0,0,0,0,0,0,0,True
granite_lora,199,402,402,0.0000,0,0,0,0,0,0,0,True
granite_lora,200,1622,1842,13.5600,0,0,0,0,0,0,0,True
granite_rslora,1,977,1273,30.3000,0,4,0,0,0,1,5,False
granite_rslora,2,941,1570,66.8400,1,6,12,0,0,1,20,False
granite_rslora,3,1402,1302,-7.1300,0,0,0,0,2,0,2,False
granite_rslora,4,1565,2042,30.4800,0,2,0,0,3,0,5,False
granite_rslora,5,1286,1672,30.0200,0,1,1,0,1,0,3,False
granite_rslora,6,449,461,2.6700,0,0,0,0,0,0,0,True
granite_rslora,7,462,805,74.2400,0,4,0,0,0,0,4,False
granite_rslora,8,498,616,23.6900,0,0,0,0,0,0,0,True
granite_rslora,9,1157,1099,-5.0100,4,0,0,0,1,0,5,False
granite_rslora,10,71,71,0.0000,0,0,0,0,0,0,0,True
granite_rslora,11,146,146,0.0000,0,0,0,0,0,0,0,True
granite_rslora,12,409,497,21.5200,0,0,0,0,0,0,0,True
granite_rslora,13,1289,1447,12.2600,0,0,0,0,1,0,1,False
granite_rslora,14,525,525,0.0000,0,0,0,0,0,0,0,True
granite_rslora,15,854,2397,180.6800,0,29,4,0,5,1,39,False
granite_rslora,16,2499,11688,367.7100,1,0,0,2,18,0,21,False
granite_rslora,17,1223,10742,778.3300,0,49,18,11,31,7,116,False
granite_rslora,18,955,11001,1051.9400,1,46,8,4,35,2,96,False
granite_rslora,19,332,331,-0.3000,0,0,0,0,0,1,1,False
granite_rslora,20,686,1284,87.1700,0,0,0,0,1,0,1,False
granite_rslora,21,358,436,21.7900,0,0,0,0,1,0,1,False
granite_rslora,22,2396,3016,25.8800,0,0,0,0,5,0,5,False
granite_rslora,23,127,469,269.2900,0,91,11,2,0,1,105,False
granite_rslora,24,2960,5926,100.2000,0,17,30,18,18,5,88,False
granite_rslora,25,1402,6466,361.2000,0,8,5,6,9,3,31,False
granite_rslora,26,374,2040,445.4500,0,116,21,2,7,0,146,False
granite_rslora,27,2277,3383,48.5700,0,1,0,3,5,1,10,False
granite_rslora,28,490,4983,916.9400,0,108,23,7,29,2,169,False
granite_rslora,29,755,1521,101.4600,0,1,0,0,2,1,4,False
granite_rslora,30,2566,15656,510.1300,0,18,15,21,33,6,93,False
granite_rslora,31,280,294,5.0000,0,0,0,0,1,0,1,False
granite_rslora,32,1651,2053,24.3500,8,2,3,4,5,1,23,False
granite_rslora,33,300,320,6.6700,3,0,0,0,0,0,3,False
granite_rslora,34,1580,1720,8.8600,0,0,0,5,0,2,7,False
granite_rslora,35,427,2007,370.0200,0,93,11,6,9,0,119,False
granite_rslora,36,2614,88636,3290.8200,1,37,13,12,81,1,145,False
granite_rslora,37,65,131,101.5400,0,3,7,0,0,2,12,False
granite_rslora,38,521,663,27.2600,3,0,0,0,0,0,3,False
granite_rslora,39,309,330,6.8000,0,0,0,0,0,0,0,True
granite_rslora,40,2180,9063,315.7300,1,5,0,3,16,0,25,False
granite_rslora,41,1709,2023,18.3700,0,0,0,0,1,0,1,False
granite_rslora,42,1271,1564,23.0500,0,0,0,0,4,0,4,False
granite_rslora,43,1442,1657,14.9100,0,2,0,1,1,0,4,False
granite_rslora,44,1525,1798,17.9000,0,0,0,0,1,0,1,False
granite_rslora,45,523,545,4.2100,0,0,0,0,0,0,0,True
granite_rslora,46,857,1318,53.7900,28,0,5,0,1,0,34,False
granite_rslora,47,1019,1258,23.4500,0,0,0,0,1,0,1,False
granite_rslora,48,2597,3386,30.3800,4,0,0,1,4,0,9,False
granite_rslora,49,2987,16178,441.6100,0,17,9,11,37,9,83,False
granite_rslora,50,2590,4451,71.8500,0,7,0,0,12,0,19,False
granite_rslora,51,1430,1424,-0.4200,2,0,0,1,0,0,3,False
granite_rslora,52,435,448,2.9900,0,0,0,0,0,0,0,True
granite_rslora,53,1598,1618,1.2500,4,0,0,0,0,0,4,False
granite_rslora,54,422,1498,254.9800,0,74,9,7,3,1,94,False
granite_rslora,55,1365,3379,147.5500,0,7,2,1,5,0,15,False
granite_rslora,56,1077,8897,726.0900,1,69,44,32,53,8,207,False
granite_rslora,57,242,403,66.5300,8,4,20,3,0,3,38,False
granite_rslora,58,727,872,19.9400,0,1,0,0,0,0,1,False
granite_rslora,59,861,1309,52.0300,0,0,0,0,1,0,1,False
granite_rslora,60,2466,9888,300.9700,13,5,41,15,27,17,118,False
granite_rslora,61,693,847,22.2200,0,1,0,1,0,1,3,False
granite_rslora,62,1466,1487,1.4300,2,0,5,2,2,4,15,False
granite_rslora,63,45,58,28.8900,0,0,0,0,0,0,0,True
granite_rslora,64,1819,2271,24.8500,4,0,0,0,5,1,10,False
granite_rslora,65,591,783,32.4900,6,1,2,0,2,0,11,False
granite_rslora,66,532,865,62.5900,21,0,4,1,0,0,26,False
granite_rslora,67,1064,3332,213.1600,0,1,2,0,4,1,8,False
granite_rslora,68,1157,1455,25.7600,0,0,0,0,0,0,0,True
granite_rslora,69,1121,1121,0.0000,0,0,0,0,0,0,0,True
granite_rslora,70,545,688,26.2400,0,1,0,0,0,0,1,False
granite_rslora,71,1016,1446,42.3200,0,2,0,1,1,0,4,False
granite_rslora,72,674,868,28.7800,0,0,1,0,0,0,1,False
granite_rslora,73,340,463,36.1800,0,1,0,0,0,0,1,False
granite_rslora,74,329,584,77.5100,0,1,0,0,0,0,1,False
granite_rslora,75,1621,1813,11.8400,0,0,0,0,2,0,2,False
granite_rslora,76,744,1091,46.6400,0,5,0,0,1,0,6,False
granite_rslora,77,2435,19101,684.4400,0,55,54,52,52,21,234,False
granite_rslora,78,698,820,17.4800,0,0,0,0,2,0,2,False
granite_rslora,79,1414,7852,455.3000,0,8,1,0,16,0,25,False
granite_rslora,80,2241,8410,275.2800,0,0,3,1,11,2,17,False
granite_rslora,81,364,364,0.0000,0,0,0,0,0,0,0,True
granite_rslora,82,4012,26404,558.1300,6,4,16,8,33,5,72,False
granite_rslora,83,338,338,0.0000,0,0,0,0,0,0,0,True
granite_rslora,84,930,1221,31.2900,0,0,0,0,1,1,2,False
granite_rslora,85,2063,5795,180.9000,5,6,16,0,24,5,56,False
granite_rslora,86,495,747,50.9100,0,2,0,0,0,0,2,False
granite_rslora,87,1884,19293,924.0400,0,21,7,12,41,1,82,False
granite_rslora,88,1328,1374,3.4600,0,0,0,0,0,1,1,False
granite_rslora,89,250,439,75.6000,0,2,0,0,0,0,2,False
granite_rslora,90,301,379,25.9100,0,0,0,0,0,0,0,True
granite_rslora,91,1685,7733,358.9300,3,6,3,0,12,1,25,False
granite_rslora,92,2329,9199,294.9800,0,46,70,67,47,34,264,False
granite_rslora,93,2787,11449,310.8000,0,12,2,0,24,3,41,False
granite_rslora,94,177,203,14.6900,0,0,0,0,0,0,0,True
granite_rslora,95,706,1034,46.4600,0,3,0,1,2,0,6,False
granite_rslora,96,822,837,1.8200,0,0,0,0,0,0,0,True
granite_rslora,97,571,6474,1033.8000,0,94,25,3,35,0,157,False
granite_rslora,98,422,520,23.2200,0,0,0,0,0,0,0,True
granite_rslora,99,895,1094,22.2300,0,0,0,0,0,0,0,True
granite_rslora,100,2448,7020,186.7600,3,0,0,2,18,1,24,False
granite_rslora,101,2704,18933,600.1800,13,4,11,1,33,3,65,False
granite_rslora,102,999,5841,484.6800,0,75,25,42,32,15,189,False
granite_rslora,103,1063,4338,308.0900,1,8,6,1,3,0,19,False
granite_rslora,104,1136,1519,33.7100,0,5,0,2,0,0,7,False
granite_rslora,105,2374,74220,3026.3700,3,9,6,1,51,0,70,False
granite_rslora,106,445,594,33.4800,4,0,1,0,0,0,5,False
granite_rslora,107,435,435,0.0000,0,0,0,0,0,0,0,True
granite_rslora,108,1605,2496,55.5100,0,0,0,0,5,0,5,False
granite_rslora,109,1757,8388,377.4000,4,0,0,0,11,0,15,False
granite_rslora,110,1637,5361,227.4900,1,1,0,1,9,0,12,False
granite_rslora,111,154,578,275.3200,0,79,10,1,0,3,93,False
granite_rslora,112,2959,4992,68.7100,5,0,16,8,17,10,56,False
granite_rslora,113,947,1017,7.3900,0,0,0,0,0,0,0,True
granite_rslora,114,958,1431,49.3700,0,0,0,0,2,0,2,False
granite_rslora,115,639,6768,959.1500,0,83,12,17,23,2,137,False
granite_rslora,116,753,918,21.9100,0,0,0,0,0,0,0,True
granite_rslora,117,878,2002,128.0200,0,30,16,5,4,0,55,False
granite_rslora,118,1561,1793,14.8600,0,0,0,2,2,0,4,False
granite_rslora,119,1504,1512,0.5300,0,0,0,0,1,0,1,False
granite_rslora,120,157,530,237.5800,0,84,29,4,1,1,119,False
granite_rslora,121,1041,1477,41.8800,0,0,0,2,1,0,3,False
granite_rslora,122,53,83,56.6000,1,1,0,0,0,0,2,False
granite_rslora,123,356,419,17.7000,0,0,0,0,0,0,0,True
granite_rslora,124,486,5566,1045.2700,0,130,5,22,23,3,183,False
granite_rslora,125,1681,3069,82.5700,0,0,3,0,1,1,5,False
granite_rslora,126,890,774,-13.0300,0,0,0,1,0,0,1,False
granite_rslora,127,1315,1575,19.7700,0,0,2,1,0,1,4,False
granite_rslora,128,520,346,-33.4600,47,0,1,0,1,0,49,False
granite_rslora,129,972,1084,11.5200,0,0,0,0,1,0,1,False
granite_rslora,130,58,96,65.5200,1,0,0,0,0,0,1,False
granite_rslora,131,59,72,22.0300,0,0,0,0,0,0,0,True
granite_rslora,132,2917,4871,66.9900,9,1,21,5,13,5,54,False
granite_rslora,133,3106,15057,384.7700,13,3,24,2,41,2,85,False
granite_rslora,134,1271,1892,48.8600,0,0,0,0,1,0,1,False
granite_rslora,135,2891,11040,281.8700,0,21,35,19,29,9,113,False
granite_rslora,136,1810,2218,22.5400,3,0,1,0,6,1,11,False
granite_rslora,137,2875,7962,176.9400,1,16,33,14,22,6,92,False
granite_rslora,138,1493,2257,51.1700,0,0,2,1,2,0,5,False
granite_rslora,139,1230,1718,39.6700,0,0,0,0,0,0,0,True
granite_rslora,140,802,920,14.7100,0,0,0,0,2,0,2,False
granite_rslora,141,466,530,13.7300,0,0,0,0,0,0,0,True
granite_rslora,142,1434,1781,24.2000,0,0,1,0,1,0,2,False
granite_rslora,143,1654,4332,161.9100,0,4,4,2,3,5,18,False
granite_rslora,144,3094,18332,492.5000,0,104,32,56,86,15,293,False
granite_rslora,145,2117,2489,17.5700,3,0,0,0,3,0,6,False
granite_rslora,146,931,1509,62.0800,0,0,0,0,1,0,1,False
granite_rslora,147,1336,1874,40.2700,0,0,0,0,2,0,2,False
granite_rslora,148,3185,9666,203.4900,0,54,42,47,63,21,227,False
granite_rslora,149,856,852,-0.4700,2,0,0,0,2,1,5,False
granite_rslora,150,243,274,12.7600,0,1,0,0,0,0,1,False
granite_rslora,151,1376,1658,20.4900,1,0,0,0,0,0,1,False
granite_rslora,152,588,769,30.7800,0,0,0,0,0,0,0,True
granite_rslora,153,2058,2425,17.8300,0,0,0,0,3,0,3,False
granite_rslora,154,1331,8876,566.8700,0,18,1,4,16,1,40,False
granite_rslora,155,2328,2571,10.4400,0,0,0,0,1,0,1,False
granite_rslora,156,1639,2757,68.2100,0,2,1,0,1,0,4,False
granite_rslora,157,804,952,18.4100,0,0,0,0,0,0,0,True
granite_rslora,158,254,749,194.8800,2,51,8,4,1,1,67,False
granite_rslora,159,1617,10810,568.5200,12,8,7,2,24,0,53,False
granite_rslora,160,801,1274,59.0500,0,1,1,0,0,1,3,False
granite_rslora,161,1695,2357,39.0600,1,2,12,5,6,9,35,False
granite_rslora,162,1383,1643,18.8000,2,0,2,0,0,0,4,False
granite_rslora,163,2859,6096,113.2200,1,3,31,5,14,10,64,False
granite_rslora,164,873,1078,23.4800,2,0,0,0,1,0,3,False
granite_rslora,165,543,543,0.0000,0,0,0,0,0,1,1,False
granite_rslora,166,412,504,22.3300,0,0,0,0,1,0,1,False
granite_rslora,167,583,753,29.1600,1,0,0,0,0,0,1,False
granite_rslora,168,615,5498,793.9800,0,41,5,1,12,0,59,False
granite_rslora,169,545,564,3.4900,0,0,0,0,0,0,0,True
granite_rslora,170,1799,10500,483.6600,1,10,13,12,19,5,60,False
granite_rslora,171,72,72,0.0000,0,0,0,0,0,0,0,True
granite_rslora,172,2254,17923,695.1600,0,112,44,104,84,18,362,False
granite_rslora,173,870,1068,22.7600,0,0,0,0,0,0,0,True
granite_rslora,174,1258,3010,139.2700,1,9,17,5,6,3,41,False
granite_rslora,175,612,3326,443.4600,0,79,28,34,3,14,158,False
granite_rslora,176,359,525,46.2400,26,0,28,2,2,4,62,False
granite_rslora,177,57,128,124.5600,1,28,7,0,0,0,36,False
granite_rslora,178,1420,2148,51.2700,0,4,0,0,2,0,6,False
granite_rslora,179,1867,5252,181.3100,0,18,27,14,18,14,91,False
granite_rslora,180,441,931,111.1100,0,4,0,0,0,0,4,False
granite_rslora,181,1052,1485,41.1600,4,0,1,0,0,0,5,False
granite_rslora,182,162,162,0.0000,0,0,0,0,0,0,0,True
granite_rslora,183,1527,1657,8.5100,0,0,0,0,0,0,0,True
granite_rslora,184,667,1036,55.3200,0,0,0,2,0,0,2,False
granite_rslora,185,1851,3558,92.2200,0,6,0,2,7,1,16,False
granite_rslora,186,1335,1731,29.6600,0,1,0,1,2,0,4,False
granite_rslora,187,2042,164393,7950.5900,0,53,8,2,84,1,148,False
granite_rslora,188,1700,2608,53.4100,1,0,4,1,6,1,13,False
granite_rslora,189,1390,1857,33.6000,0,0,0,0,1,0,1,False
granite_rslora,190,1296,1558,20.2200,0,0,2,2,2,3,9,False
granite_rslora,191,1451,1456,0.3400,0,0,0,0,0,0,0,True
granite_rslora,192,143,193,34.9700,0,1,0,0,0,0,1,False
granite_rslora,193,860,1099,27.7900,3,0,2,0,1,2,8,False
granite_rslora,194,1187,1557,31.1700,0,0,0,0,1,0,1,False
granite_rslora,195,219,515,135.1600,1,44,12,3,1,2,63,False
granite_rslora,196,2582,5992,132.0700,0,4,0,0,10,1,15,False
granite_rslora,197,1876,14904,694.4600,0,69,34,40,65,8,216,False
granite_rslora,198,1888,2421,28.2300,0,0,2,0,6,1,9,False
granite_rslora,199,402,402,0.0000,0,0,0,0,1,0,1,False
granite_rslora,200,1622,2513,54.9300,1,0,1,0,7,0,9,False
qwen2_lora,1,977,1053,7.7800,0,4,3,0,4,0,11,False
qwen2_lora,2,941,1719,82.6800,1,8,6,1,10,2,28,False
qwen2_lora,3,1402,1418,1.1400,0,0,2,0,4,0,6,False
qwen2_lora,4,1565,2688,71.7600,1,3,3,2,3,0,12,False
qwen2_lora,5,1286,1096,-14.7700,1,1,8,4,8,4,26,False
qwen2_lora,6,449,528,17.5900,0,3,2,0,3,0,8,False
qwen2_lora,7,462,765,65.5800,3,3,11,2,11,0,30,False
qwen2_lora,8,498,556,11.6500,3,2,3,0,4,0,12,False
qwen2_lora,9,1157,1381,19.3600,0,2,5,0,9,0,16,False
qwen2_lora,10,71,71,0.0000,0,0,0,0,0,0,0,True
qwen2_lora,11,146,141,-3.4200,0,0,0,0,4,0,4,False
qwen2_lora,12,409,406,-0.7300,0,0,0,0,1,0,1,False
qwen2_lora,13,1289,2196,70.3600,1,4,3,0,4,0,12,False
qwen2_lora,14,525,505,-3.8100,0,0,0,0,1,0,1,False
qwen2_lora,15,854,1784,108.9000,1,6,12,1,5,0,25,False
qwen2_lora,16,2499,8544,241.9000,0,8,8,3,12,1,32,False
qwen2_lora,17,1223,2135,74.5700,3,37,34,15,15,1,105,False
qwen2_lora,18,955,1935,102.6200,2,8,13,7,20,2,52,False
qwen2_lora,19,332,368,10.8400,0,0,0,0,2,0,2,False
qwen2_lora,20,686,1170,70.5500,4,0,7,4,5,1,21,False
qwen2_lora,21,358,408,13.9700,2,1,3,0,3,0,9,False
qwen2_lora,22,2396,3168,32.2200,1,3,3,0,6,0,13,False
qwen2_lora,23,127,277,118.1100,2,53,37,16,21,2,131,False
qwen2_lora,24,2960,4967,67.8000,8,4,13,4,11,7,47,False
qwen2_lora,25,1402,1503,7.2000,1,1,8,3,9,0,22,False
qwen2_lora,26,374,650,73.8000,0,54,53,35,23,18,183,False
qwen2_lora,27,2277,2496,9.6200,3,2,7,3,9,1,25,False
qwen2_lora,28,490,952,94.2900,1,55,23,25,18,6,128,False
qwen2_lora,29,755,929,23.0500,0,1,0,0,3,0,4,False
qwen2_lora,30,2566,4539,76.8900,0,4,7,3,16,0,30,False
qwen2_lora,31,280,235,-16.0700,1,5,2,0,6,0,14,False
qwen2_lora,32,1651,2566,55.4200,2,4,22,5,16,1,50,False
qwen2_lora,33,300,323,7.6700,0,1,2,2,7,0,12,False
qwen2_lora,34,1580,2282,44.4300,6,2,15,4,15,3,45,False
qwen2_lora,35,427,639,49.6500,0,6,10,2,11,2,31,False
qwen2_lora,36,2614,9087,247.6300,0,130,58,76,73,21,358,False
qwen2_lora,37,65,86,32.3100,2,4,7,1,9,0,23,False
qwen2_lora,38,521,1038,99.2300,0,0,2,2,6,0,10,False
qwen2_lora,39,309,307,-0.6500,0,0,0,0,1,0,1,False
qwen2_lora,40,2180,2635,20.8700,6,8,10,2,14,0,40,False
qwen2_lora,41,1709,2284,33.6500,0,2,1,0,2,1,6,False
qwen2_lora,42,1271,1222,-3.8600,2,1,4,1,3,0,11,False
qwen2_lora,43,1442,1397,-3.1200,3,0,4,1,5,0,13,False
qwen2_lora,44,1525,2773,81.8400,1,9,2,0,11,0,23,False
qwen2_lora,45,523,525,0.3800,0,1,1,1,4,0,7,False
qwen2_lora,46,857,1578,84.1300,1,20,30,2,16,5,74,False
qwen2_lora,47,1019,1548,51.9100,1,3,3,1,7,0,15,False
qwen2_lora,48,2597,2264,-12.8200,4,1,4,1,5,0,15,False
qwen2_lora,49,2987,3745,25.3800,7,4,17,3,9,2,42,False
qwen2_lora,50,2590,2983,15.1700,3,0,9,2,6,0,20,False
qwen2_lora,51,1430,1425,-0.3500,1,2,2,0,7,0,12,False
qwen2_lora,52,435,933,114.4800,0,0,0,0,1,0,1,False
qwen2_lora,53,1598,1779,11.3300,1,1,2,2,4,0,10,False
qwen2_lora,54,422,658,55.9200,1,9,28,8,12,4,62,False
qwen2_lora,55,1365,2254,65.1300,4,4,6,1,12,2,29,False
qwen2_lora,56,1077,4427,311.0500,0,122,42,20,28,10,222,False
qwen2_lora,57,242,1629,573.1400,0,147,23,15,42,4,231,False
qwen2_lora,58,727,696,-4.2600,1,0,2,0,3,0,6,False
qwen2_lora,59,861,827,-3.9500,2,0,3,1,3,1,10,False
qwen2_lora,60,2466,5541,124.7000,0,113,70,67,51,38,339,False
qwen2_lora,61,693,826,19.1900,1,1,5,1,6,2,16,False
qwen2_lora,62,1466,2722,85.6800,1,8,24,5,16,5,59,False
qwen2_lora,63,45,47,4.4400,5,3,3,0,1,0,12,False
qwen2_lora,64,1819,3099,70.3700,4,10,14,2,8,2,40,False
qwen2_lora,65,591,756,27.9200,3,7,19,7,9,1,46,False
qwen2_lora,66,532,808,51.8800,2,36,44,27,13,16,138,False
qwen2_lora,67,1064,1442,35.5300,3,0,8,1,6,0,18,False
qwen2_lora,68,1157,1133,-2.0700,4,2,4,2,1,1,14,False
qwen2_lora,69,1121,1121,0.0000,0,0,0,0,1,0,1,False
qwen2_lora,70,545,1071,96.5100,1,4,2,0,0,0,7,False
qwen2_lora,71,1016,1137,11.9100,3,2,14,0,4,0,23,False
qwen2_lora,72,674,676,0.3000,0,0,0,0,4,0,4,False
qwen2_lora,73,340,484,42.3500,1,5,13,6,6,1,32,False
qwen2_lora,74,329,375,13.9800,0,1,5,1,9,1,17,False
qwen2_lora,75,1621,1778,9.6900,0,2,1,1,4,0,8,False
qwen2_lora,76,744,1111,49.3300,2,0,9,2,3,0,16,False
qwen2_lora,77,2435,8278,239.9600,0,24,34,18,31,8,115,False
qwen2_lora,78,698,668,-4.3000,0,0,0,0,1,0,1,False
qwen2_lora,79,1414,2228,57.5700,1,11,10,4,18,2,46,False
qwen2_lora,80,2241,3952,76.3500,2,10,10,2,14,1,39,False
qwen2_lora,81,364,347,-4.6700,0,0,0,0,4,1,5,False
qwen2_lora,82,4012,10365,158.3500,0,127,52,107,69,29,384,False
qwen2_lora,83,338,338,0.0000,0,0,0,1,0,0,1,False
qwen2_lora,84,930,924,-0.6500,0,0,0,0,3,0,3,False
qwen2_lora,85,2063,2867,38.9700,3,8,27,3,16,5,62,False
qwen2_lora,86,495,553,11.7200,1,0,5,0,6,0,12,False
qwen2_lora,87,1884,3048,61.7800,0,9,17,4,17,2,49,False
qwen2_lora,88,1328,1567,18.0000,2,0,3,0,2,0,7,False
qwen2_lora,89,250,301,20.4000,6,1,5,1,6,1,20,False
qwen2_lora,90,301,326,8.3100,0,0,0,2,3,0,5,False
qwen2_lora,91,1685,3079,82.7300,2,5,13,2,12,2,36,False
qwen2_lora,92,2329,5240,124.9900,2,116,73,71,52,21,335,False
qwen2_lora,93,2787,4378,57.0900,0,16,14,3,23,0,56,False
qwen2_lora,94,177,328,85.3100,1,13,3,1,3,0,21,False
qwen2_lora,95,706,1094,54.9600,3,0,4,0,5,0,12,False
qwen2_lora,96,822,835,1.5800,0,0,0,0,1,0,1,False
qwen2_lora,97,571,868,52.0100,0,25,31,5,17,4,82,False
qwen2_lora,98,422,457,8.2900,0,3,3,0,4,0,10,False
qwen2_lora,99,895,1257,40.4500,0,2,0,1,2,1,6,False
qwen2_lora,100,2448,3526,44.0400,3,6,28,2,8,1,48,False
qwen2_lora,101,2704,9441,249.1500,0,130,51,80,47,22,330,False
qwen2_lora,102,999,1923,92.4900,0,11,17,9,15,5,57,False
qwen2_lora,103,1063,1653,55.5000,2,7,13,6,7,6,41,False
qwen2_lora,104,1136,1213,6.7800,5,0,6,3,5,0,19,False
qwen2_lora,105,2374,3225,35.8500,6,3,23,6,12,1,51,False
qwen2_lora,106,445,430,-3.3700,0,1,4,0,6,0,11,False
qwen2_lora,107,435,435,0.0000,0,0,0,0,1,0,1,False
qwen2_lora,108,1605,2317,44.3600,4,5,5,0,4,0,18,False
qwen2_lora,109,1757,2633,49.8600,0,1,4,2,10,0,17,False
qwen2_lora,110,1637,1855,13.3200,11,2,14,2,4,2,35,False
qwen2_lora,111,154,259,68.1800,4,9,28,2,9,5,57,False
qwen2_lora,112,2959,4969,67.9300,8,7,13,3,7,1,39,False
qwen2_lora,113,947,1038,9.6100,0,0,2,1,3,1,7,False
qwen2_lora,114,958,906,-5.4300,0,1,2,1,3,0,7,False
qwen2_lora,115,639,1355,112.0500,7,2,18,2,7,1,37,False
qwen2_lora,116,753,894,18.7300,1,1,4,1,4,0,11,False
qwen2_lora,117,878,1467,67.0800,1,19,31,10,11,6,78,False
qwen2_lora,118,1561,2080,33.2500,1,1,4,1,7,1,15,False
qwen2_lora,119,1504,1775,18.0200,0,2,6,2,10,3,23,False
qwen2_lora,120,157,1341,754.1400,0,147,37,13,52,6,255,False
qwen2_lora,121,1041,1063,2.1100,2,0,3,1,4,0,10,False
qwen2_lora,122,53,70,32.0800,1,0,3,1,3,0,8,False
qwen2_lora,123,356,381,7.0200,1,1,3,1,4,0,10,False
qwen2_lora,124,486,1192,145.2700,1,6,11,2,8,1,29,False
qwen2_lora,125,1681,2187,30.1000,0,3,3,2,7,2,17,False
qwen2_lora,126,890,924,3.8200,1,6,3,1,2,1,14,False
qwen2_lora,127,1315,2078,58.0200,1,4,3,0,6,0,14,False
qwen2_lora,128,520,3670,605.7700,0,149,55,26,46,10,286,False
qwen2_lora,129,972,897,-7.7200,1,0,2,2,7,1,13,False
qwen2_lora,130,58,119,105.1700,4,4,5,0,6,0,19,False
qwen2_lora,131,59,56,-5.0800,0,0,0,0,3,1,4,False
qwen2_lora,132,2917,10132,247.3400,0,144,34,97,65,23,363,False
qwen2_lora,133,3106,8084,160.2700,0,112,78,84,53,39,366,False
qwen2_lora,134,1271,1453,14.3200,1,1,2,0,6,0,10,False
qwen2_lora,135,2891,7802,169.8700,1,13,24,2,17,7,64,False
qwen2_lora,136,1810,3121,72.4300,1,4,7,2,8,0,22,False
qwen2_lora,137,2875,3047,5.9800,0,5,16,6,11,7,45,False
qwen2_lora,138,1493,1833,22.7700,4,2,6,1,9,0,22,False
qwen2_lora,139,1230,1224,-0.4900,4,2,2,0,2,0,10,False
qwen2_lora,140,802,801,-0.1200,0,0,0,1,0,1,2,False
qwen2_lora,141,466,696,49.3600,0,0,3,0,8,0,11,False
qwen2_lora,142,1434,3285,129.0800,0,10,2,1,8,0,21,False
qwen2_lora,143,1654,1600,-3.2600,4,3,8,4,9,3,31,False
qwen2_lora,144,3094,5071,63.9000,2,7,20,4,19,8,60,False
qwen2_lora,145,2117,2719,28.4400,0,2,3,0,7,0,12,False
qwen2_lora,146,931,1019,9.4500,3,3,3,0,6,0,15,False
qwen2_lora,147,1336,1905,42.5900,0,0,4,1,4,0,9,False
qwen2_lora,148,3185,5800,82.1000,1,22,28,10,28,9,98,False
qwen2_lora,149,856,1039,21.3800,0,1,0,2,5,0,8,False
qwen2_lora,150,243,269,10.7000,2,4,4,2,3,1,16,False
qwen2_lora,151,1376,1647,19.6900,2,6,3,1,6,0,18,False
qwen2_lora,152,588,673,14.4600,0,1,0,0,2,0,3,False
qwen2_lora,153,2058,2530,22.9300,1,2,2,1,6,0,12,False
qwen2_lora,154,1331,2985,124.2700,0,13,14,2,11,2,42,False
qwen2_lora,155,2328,2115,-9.1500,0,0,0,2,2,0,4,False
qwen2_lora,156,1639,2227,35.8800,1,1,8,5,12,2,29,False
qwen2_lora,157,804,929,15.5500,1,0,3,0,5,0,9,False
qwen2_lora,158,254,460,81.1000,0,11,14,4,3,2,34,False
qwen2_lora,159,1617,4568,182.5000,0,136,58,73,50,13,330,False
qwen2_lora,160,801,1068,33.3300,0,1,7,6,8,4,26,False
qwen2_lora,161,1695,2960,74.6300,3,13,20,4,15,0,55,False
qwen2_lora,162,1383,1795,29.7900,5,1,16,1,11,1,35,False
qwen2_lora,163,2859,3870,35.3600,4,8,20,1,17,0,50,False
qwen2_lora,164,873,1101,26.1200,0,2,4,4,5,1,16,False
qwen2_lora,165,543,661,21.7300,3,3,3,0,5,0,14,False
qwen2_lora,166,412,392,-4.8500,0,0,0,0,3,0,3,False
qwen2_lora,167,583,474,-18.7000,4,2,3,4,2,0,15,False
qwen2_lora,168,615,1396,126.9900,3,1,19,2,11,0,36,False
qwen2_lora,169,545,672,23.3000,2,3,2,1,1,0,9,False
qwen2_lora,170,1799,2528,40.5200,3,6,15,4,14,2,44,False
qwen2_lora,171,72,72,0.0000,0,0,0,0,0,0,0,True
qwen2_lora,172,2254,5200,130.7000,1,20,24,8,26,4,83,False
qwen2_lora,173,870,1111,27.7000,0,0,0,1,5,1,7,False
qwen2_lora,174,1258,2322,84.5800,1,15,37,5,18,8,84,False
qwen2_lora,175,612,1589,159.6400,0,14,15,4,9,2,44,False
qwen2_lora,176,359,2043,469.0800,0,136,46,10,39,5,236,False
qwen2_lora,177,57,108,89.4700,0,14,23,1,6,1,45,False
qwen2_lora,178,1420,1531,7.8200,0,1,1,0,3,0,5,False
qwen2_lora,179,1867,2771,48.4200,1,6,14,5,14,3,43,False
qwen2_lora,180,441,947,114.7400,1,0,4,1,11,1,18,False
qwen2_lora,181,1052,1140,8.3700,3,1,4,2,7,1,18,False
qwen2_lora,182,162,147,-9.2600,0,0,0,1,2,0,3,False
qwen2_lora,183,1527,1314,-13.9500,4,1,3,1,5,1,15,False
qwen2_lora,184,667,837,25.4900,5,0,11,0,7,1,24,False
qwen2_lora,185,1851,2582,39.4900,4,3,4,1,8,0,20,False
qwen2_lora,186,1335,1741,30.4100,0,3,4,0,4,1,12,False
qwen2_lora,187,2042,6861,235.9900,0,34,26,4,33,1,98,False
qwen2_lora,188,1700,3286,93.2900,3,12,8,4,8,0,35,False
qwen2_lora,189,1390,1137,-18.2000,1,0,2,1,1,0,5,False
qwen2_lora,190,1296,2543,96.2200,2,5,5,0,9,1,22,False
qwen2_lora,191,1451,1451,0.0000,0,0,0,0,1,0,1,False
qwen2_lora,192,143,149,4.2000,0,0,0,0,3,0,3,False
qwen2_lora,193,860,972,13.0200,0,0,4,0,12,0,16,False
qwen2_lora,194,1187,1367,15.1600,0,0,0,0,2,0,2,False
qwen2_lora,195,219,267,21.9200,5,13,31,4,15,1,69,False
qwen2_lora,196,2582,3234,25.2500,4,4,17,2,13,1,41,False
qwen2_lora,197,1876,3076,63.9700,3,12,25,6,13,0,59,False
qwen2_lora,198,1888,2664,41.1000,1,4,4,1,6,1,17,False
qwen2_lora,199,402,589,46.5200,0,3,5,0,8,1,17,False
qwen2_lora,200,1622,2868,76.8200,3,10,12,2,14,0,41,False
qwen2_rslora,1,977,978,0.1000,0,0,0,0,1,0,1,False
qwen2_rslora,2,941,1070,13.7100,3,1,4,0,1,0,9,False
qwen2_rslora,3,1402,1402,0.0000,0,0,0,0,0,0,0,True
qwen2_rslora,4,1565,1925,23.0000,0,0,0,0,0,0,0,True
qwen2_rslora,5,1286,1277,-0.7000,0,0,0,1,0,0,1,False
qwen2_rslora,6,449,449,0.0000,0,0,0,0,0,0,0,True
qwen2_rslora,7,462,602,30.3000,0,0,0,1,0,1,2,False
qwen2_rslora,8,498,519,4.2200,0,0,0,0,0,0,0,True
qwen2_rslora,9,1157,1318,13.9200,0,0,0,0,1,0,1,False
qwen2_rslora,10,71,71,0.0000,0,0,0,0,0,0,0,True
qwen2_rslora,11,146,146,0.0000,0,0,0,0,0,0,0,True
qwen2_rslora,12,409,409,0.0000,0,0,0,0,0,0,0,True
qwen2_rslora,13,1289,1289,0.0000,0,0,0,0,0,0,0,True
qwen2_rslora,14,525,525,0.0000,0,0,0,0,0,0,0,True
qwen2_rslora,15,854,947,10.8900,5,0,0,2,0,0,7,False
qwen2_rslora,16,2499,3009,20.4100,0,0,0,0,2,0,2,False
qwen2_rslora,17,1223,5725,368.1100,4,0,8,4,16,2,34,False
qwen2_rslora,18,955,1097,14.8700,1,0,2,0,4,3,10,False
qwen2_rslora,19,332,332,0.0000,0,0,0,0,0,0,0,True
qwen2_rslora,20,686,801,16.7600,0,0,0,2,1,0,3,False
qwen2_rslora,21,358,358,0.0000,0,0,0,0,0,0,0,True
qwen2_rslora,22,2396,2396,0.0000,0,0,0,0,0,0,0,True
qwen2_rslora,23,127,448,252.7600,0,18,7,1,7,3,36,False
qwen2_rslora,24,2960,3131,5.7800,2,0,2,3,5,0,12,False
qwen2_rslora,25,1402,1548,10.4100,0,0,0,0,0,0,0,True
qwen2_rslora,26,374,501,33.9600,0,4,4,3,2,0,13,False
qwen2_rslora,27,2277,2521,10.7200,0,0,0,0,0,0,0,True
qwen2_rslora,28,490,576,17.5500,0,0,4,2,2,2,10,False
qwen2_rslora,29,755,755,0.0000,0,0,0,0,0,0,0,True
qwen2_rslora,30,2566,2980,16.1300,8,2,5,0,4,2,21,False
qwen2_rslora,31,280,280,0.0000,0,0,0,0,0,0,0,True
qwen2_rslora,32,1651,1973,19.5000,5,0,5,3,8,0,21,False
qwen2_rslora,33,300,290,-3.3300,0,0,0,0,2,0,2,False
qwen2_rslora,34,1580,1729,9.4300,0,0,0,0,0,0,0,True
qwen2_rslora,35,427,498,16.6300,0,2,3,1,6,2,14,False
qwen2_rslora,36,2614,3248,24.2500,0,8,6,1,11,1,27,False
qwen2_rslora,37,65,71,9.2300,0,0,0,0,1,1,2,False
qwen2_rslora,38,521,544,4.4100,0,0,0,0,0,0,0,True
qwen2_rslora,39,309,309,0.0000,0,0,0,0,0,0,0,True
qwen2_rslora,40,2180,2299,5.4600,0,1,1,0,5,0,7,False
qwen2_rslora,41,1709,1709,0.0000,0,0,0,0,1,0,1,False
qwen2_rslora,42,1271,1330,4.6400,0,0,0,0,0,0,0,True
qwen2_rslora,43,1442,1522,5.5500,0,0,0,0,1,0,1,False
qwen2_rslora,44,1525,1525,0.0000,0,0,0,0,0,0,0,True
qwen2_rslora,45,523,529,1.1500,0,0,0,0,0,0,0,True
qwen2_rslora,46,857,1143,33.3700,0,1,4,1,1,3,10,False
qwen2_rslora,47,1019,1130,10.8900,0,0,0,0,1,0,1,False
qwen2_rslora,48,2597,8021,208.8600,0,16,3,5,11,4,39,False
qwen2_rslora,49,2987,5516,84.6700,2,1,4,0,4,2,13,False
qwen2_rslora,50,2590,2651,2.3600,1,0,0,0,0,2,3,False
qwen2_rslora,51,1430,1430,0.0000,0,0,0,0,0,0,0,True
qwen2_rslora,52,435,448,2.9900,0,0,0,0,0,0,0,True
qwen2_rslora,53,1598,1598,0.0000,0,0,0,0,0,0,0,True
qwen2_rslora,54,422,530,25.5900,2,0,3,5,4,2,16,False
qwen2_rslora,55,1365,1383,1.3200,0,0,0,0,0,0,0,True
qwen2_rslora,56,1077,5055,369.3600,0,112,44,52,33,19,260,False
qwen2_rslora,57,242,389,60.7400,0,16,10,5,4,3,38,False
qwen2_rslora,58,727,727,0.0000,0,0,0,0,0,0,0,True
qwen2_rslora,59,861,1016,18.0000,0,0,0,0,0,0,0,True
qwen2_rslora,60,2466,8422,241.5200,0,114,62,93,29,31,329,False
qwen2_rslora,61,693,782,12.8400,0,0,0,0,1,0,1,False
qwen2_rslora,62,1466,1704,16.2300,5,0,3,0,5,0,13,False
qwen2_rslora,63,45,47,4.4400,0,0,0,0,0,0,0,True
qwen2_rslora,64,1819,2376,30.6200,1,4,2,0,3,2,12,False
qwen2_rslora,65,591,525,-11.1700,2,0,15,6,8,2,33,False
qwen2_rslora,66,532,1182,122.1800,0,28,1,2,5,1,37,False
qwen2_rslora,67,1064,1199,12.6900,0,0,0,0,0,0,0,True
qwen2_rslora,68,1157,1240,7.1700,0,0,0,0,0,0,0,True
qwen2_rslora,69,1121,1121,0.0000,0,0,0,0,0,0,0,True
qwen2_rslora,70,545,602,10.4600,0,0,0,0,0,0,0,True
qwen2_rslora,71,1016,1179,16.0400,0,0,0,0,0,0,0,True
qwen2_rslora,72,674,674,0.0000,0,0,0,0,0,0,0,True
qwen2_rslora,73,340,369,8.5300,0,0,0,0,0,0,0,True
qwen2_rslora,74,329,363,10.3300,0,0,0,0,0,0,0,True
qwen2_rslora,75,1621,1621,0.0000,0,0,0,0,0,0,0,True
qwen2_rslora,76,744,919,23.5200,0,0,0,1,0,0,1,False
qwen2_rslora,77,2435,3306,35.7700,2,3,10,2,8,0,25,False
qwen2_rslora,78,698,698,0.0000,0,0,0,0,0,0,0,True
qwen2_rslora,79,1414,2323,64.2900,2,8,7,0,6,2,25,False
qwen2_rslora,80,2241,3594,60.3700,0,7,2,1,4,1,15,False
qwen2_rslora,81,364,364,0.0000,0,0,0,0,0,0,0,True
qwen2_rslora,82,4012,4207,4.8600,0,11,41,21,13,12,98,False
qwen2_rslora,83,338,338,0.0000,0,0,0,0,0,0,0,True
qwen2_rslora,84,930,930,0.0000,0,0,0,0,0,0,0,True
qwen2_rslora,85,2063,3586,73.8200,2,12,18,6,4,8,50,False
qwen2_rslora,86,495,490,-1.0100,0,0,0,1,0,1,2,False
qwen2_rslora,87,1884,2717,44.2100,1,2,9,1,8,1,22,False
qwen2_rslora,88,1328,1328,0.0000,0,0,0,0,0,0,0,True
qwen2_rslora,89,250,248,-0.8000,0,0,0,0,2,0,2,False
qwen2_rslora,90,301,301,0.0000,0,0,0,0,0,0,0,True
qwen2_rslora,91,1685,1862,10.5000,4,1,5,2,1,2,15,False
qwen2_rslora,92,2329,4437,90.5100,1,10,20,6,10,1,48,False
qwen2_rslora,93,2787,3282,17.7600,6,3,4,3,0,1,17,False
qwen2_rslora,94,177,177,0.0000,0,0,0,0,0,0,0,True
qwen2_rslora,95,706,832,17.8500,0,0,0,0,0,0,0,True
qwen2_rslora,96,822,837,1.8200,0,0,0,0,0,0,0,True
qwen2_rslora,97,571,1265,121.5400,0,40,0,2,5,0,47,False
qwen2_rslora,98,422,424,0.4700,0,0,0,0,0,0,0,True
qwen2_rslora,99,895,920,2.7900,0,0,0,0,0,0,0,True
qwen2_rslora,100,2448,3229,31.9000,2,9,16,2,8,5,42,False
qwen2_rslora,101,2704,3382,25.0700,0,20,38,22,8,18,106,False
qwen2_rslora,102,999,1414,41.5400,1,1,2,1,5,0,10,False
qwen2_rslora,103,1063,1134,6.6800,0,1,4,3,4,6,18,False
qwen2_rslora,104,1136,1142,0.5300,1,0,0,0,0,0,1,False
qwen2_rslora,105,2374,3374,42.1200,1,5,8,2,6,2,24,False
qwen2_rslora,106,445,449,0.9000,0,0,0,0,0,0,0,True
qwen2_rslora,107,435,435,0.0000,0,0,0,0,0,0,0,True
qwen2_rslora,108,1605,1667,3.8600,0,0,0,0,1,0,1,False
qwen2_rslora,109,1757,1922,9.3900,0,0,0,0,0,0,0,True
qwen2_rslora,110,1637,1673,2.2000,2,0,0,0,5,0,7,False
qwen2_rslora,111,154,196,27.2700,1,5,12,5,3,1,27,False
qwen2_rslora,112,2959,8625,191.4800,1,3,2,0,7,2,15,False
qwen2_rslora,113,947,947,0.0000,0,0,0,0,0,0,0,True
qwen2_rslora,114,958,1022,6.6800,0,0,0,0,0,0,0,True
qwen2_rslora,115,639,825,29.1100,2,1,6,2,7,1,19,False
qwen2_rslora,116,753,753,0.0000,0,0,0,0,1,0,1,False
qwen2_rslora,117,878,1430,62.8700,2,4,11,1,3,2,23,False
qwen2_rslora,118,1561,1844,18.1300,0,0,0,0,0,0,0,True
qwen2_rslora,119,1504,1870,24.3400,0,0,0,0,0,0,0,True
qwen2_rslora,120,157,2373,1411.4600,0,99,26,2,38,3,168,False
qwen2_rslora,121,1041,1066,2.4000,0,0,0,0,0,0,0,True
qwen2_rslora,122,53,63,18.8700,0,0,0,0,0,0,0,True
qwen2_rslora,123,356,356,0.0000,0,0,0,0,0,0,0,True
qwen2_rslora,124,486,527,8.4400,4,0,2,0,4,1,11,False
qwen2_rslora,125,1681,1742,3.6300,0,0,0,2,0,1,3,False
qwen2_rslora,126,890,890,0.0000,0,0,0,0,0,0,0,True
qwen2_rslora,127,1315,1357,3.1900,0,0,0,0,0,0,0,True
qwen2_rslora,128,520,619,19.0400,1,3,0,0,4,0,8,False
qwen2_rslora,129,972,972,0.0000,0,0,0,0,1,0,1,False
qwen2_rslora,130,58,62,6.9000,0,0,0,0,0,0,0,True
qwen2_rslora,131,59,59,0.0000,0,0,0,0,0,0,0,True
qwen2_rslora,132,2917,3495,19.8100,1,1,6,3,2,1,14,False
qwen2_rslora,133,3106,4337,39.6300,0,115,69,103,30,39,356,False
qwen2_rslora,134,1271,1341,5.5100,0,0,0,0,0,0,0,True
qwen2_rslora,135,2891,4247,46.9000,1,2,10,3,5,1,22,False
qwen2_rslora,136,1810,2340,29.2800,0,0,0,0,1,0,1,False
qwen2_rslora,137,2875,3243,12.8000,2,2,3,3,6,3,19,False
qwen2_rslora,138,1493,1786,19.6200,0,0,0,0,0,0,0,True
qwen2_rslora,139,1230,1358,10.4100,0,0,0,0,0,0,0,True
qwen2_rslora,140,802,894,11.4700,0,0,0,0,0,0,0,True
qwen2_rslora,141,466,509,9.2300,0,0,0,0,0,0,0,True
qwen2_rslora,142,1434,1434,0.0000,0,0,0,0,0,0,0,True
qwen2_rslora,143,1654,1638,-0.9700,1,0,0,0,0,0,1,False
qwen2_rslora,144,3094,4052,30.9600,0,2,4,3,8,1,18,False
qwen2_rslora,145,2117,2182,3.0700,0,0,0,0,0,0,0,True
qwen2_rslora,146,931,1238,32.9800,0,0,0,0,0,0,0,True
qwen2_rslora,147,1336,1440,7.7800,0,0,0,0,0,0,0,True
qwen2_rslora,148,3185,4298,34.9500,0,20,37,24,16,12,109,False
qwen2_rslora,149,856,856,0.0000,0,0,0,0,0,0,0,True
qwen2_rslora,150,243,243,0.0000,0,0,0,0,0,0,0,True
qwen2_rslora,151,1376,1376,0.0000,0,0,0,0,0,0,0,True
qwen2_rslora,152,588,603,2.5500,0,0,0,0,0,0,0,True
qwen2_rslora,153,2058,2058,0.0000,0,0,0,0,0,0,0,True
qwen2_rslora,154,1331,1378,3.5300,0,0,0,0,2,0,2,False
qwen2_rslora,155,2328,2328,0.0000,0,0,0,0,0,0,0,True
qwen2_rslora,156,1639,1687,2.9300,0,0,0,0,1,0,1,False
qwen2_rslora,157,804,843,4.8500,0,0,0,0,0,0,0,True
qwen2_rslora,158,254,242,-4.7200,9,0,3,0,3,0,15,False
qwen2_rslora,159,1617,2152,33.0900,3,2,10,7,4,1,27,False
qwen2_rslora,160,801,1164,45.3200,0,4,4,0,1,0,9,False
qwen2_rslora,161,1695,2233,31.7400,0,5,7,4,8,1,25,False
qwen2_rslora,162,1383,1422,2.8200,0,0,0,0,1,0,1,False
qwen2_rslora,163,2859,2687,-6.0200,1,3,5,5,8,1,23,False
qwen2_rslora,164,873,873,0.0000,0,0,0,0,0,0,0,True
qwen2_rslora,165,543,556,2.3900,0,0,0,0,0,0,0,True
qwen2_rslora,166,412,417,1.2100,0,0,0,0,0,0,0,True
qwen2_rslora,167,583,583,0.0000,0,0,0,0,0,0,0,True
qwen2_rslora,168,615,782,27.1500,7,1,5,1,9,2,25,False
qwen2_rslora,169,545,545,0.0000,0,0,0,0,0,0,0,True
qwen2_rslora,170,1799,2464,36.9600,1,1,5,1,5,1,14,False
qwen2_rslora,171,72,72,0.0000,0,0,0,0,0,0,0,True
qwen2_rslora,172,2254,2946,30.7000,2,4,8,2,4,3,23,False
qwen2_rslora,173,870,885,1.7200,0,0,0,0,0,0,0,True
qwen2_rslora,174,1258,1451,15.3400,2,1,10,2,8,4,27,False
qwen2_rslora,175,612,712,16.3400,1,3,10,8,9,6,37,False
qwen2_rslora,176,359,4070,1033.7000,0,121,15,33,39,6,214,False
qwen2_rslora,177,57,138,142.1100,3,10,9,2,1,2,27,False
qwen2_rslora,178,1420,1420,0.0000,0,0,0,0,0,0,0,True
qwen2_rslora,179,1867,2058,10.2300,6,0,6,0,7,2,21,False
qwen2_rslora,180,441,479,8.6200,0,0,0,0,0,0,0,True
qwen2_rslora,181,1052,1106,5.1300,0,0,0,0,0,0,0,True
qwen2_rslora,182,162,162,0.0000,0,0,0,0,0,0,0,True
qwen2_rslora,183,1527,1527,0.0000,0,0,0,0,0,0,0,True
qwen2_rslora,184,667,856,28.3400,0,0,0,0,1,0,1,False
qwen2_rslora,185,1851,1906,2.9700,0,0,0,0,0,0,0,True
qwen2_rslora,186,1335,1435,7.4900,0,0,0,0,0,0,0,True
qwen2_rslora,187,2042,2658,30.1700,3,3,4,6,4,2,22,False
qwen2_rslora,188,1700,1990,17.0600,0,1,0,0,0,0,1,False
qwen2_rslora,189,1390,1572,13.0900,0,0,0,0,0,0,0,True
qwen2_rslora,190,1296,1387,7.0200,0,0,0,0,2,0,2,False
qwen2_rslora,191,1451,1451,0.0000,0,0,0,0,0,0,0,True
qwen2_rslora,192,143,151,5.5900,0,0,0,0,0,0,0,True
qwen2_rslora,193,860,972,13.0200,0,0,0,0,1,0,1,False
qwen2_rslora,194,1187,1187,0.0000,0,0,0,0,0,0,0,True
qwen2_rslora,195,219,413,88.5800,0,8,9,1,2,0,20,False
qwen2_rslora,196,2582,2862,10.8400,0,0,0,0,0,0,0,True
qwen2_rslora,197,1876,2346,25.0500,0,7,9,1,1,0,18,False
qwen2_rslora,198,1888,1894,0.3200,0,0,0,0,1,0,1,False
qwen2_rslora,199,402,469,16.6700,0,0,0,0,0,0,0,True
qwen2_rslora,200,1622,2010,23.9200,3,0,2,1,3,0,9,False
llama_lora,1,977,977,0.0000,0,0,0,0,0,0,0,True
llama_lora,2,941,1138,20.9400,0,0,0,0,0,0,0,True
llama_lora,3,1402,1402,0.0000,0,0,0,0,0,0,0,True
llama_lora,4,1565,1598,2.1100,0,0,0,0,0,0,0,True
llama_lora,5,1286,1286,0.0000,0,0,0,0,0,0,0,True
llama_lora,6,449,449,0.0000,0,0,0,0,0,0,0,True
llama_lora,7,462,509,10.1700,0,0,0,0,0,0,0,True
llama_lora,8,498,498,0.0000,0,0,0,0,0,0,0,True
llama_lora,9,1157,1157,0.0000,0,0,0,0,0,0,0,True
llama_lora,10,71,71,0.0000,0,0,0,0,0,0,0,True
llama_lora,11,146,146,0.0000,0,0,0,0,0,0,0,True
llama_lora,12,409,409,0.0000,0,0,0,0,0,0,0,True
llama_lora,13,1289,1289,0.0000,0,0,0,0,0,0,0,True
llama_lora,14,525,525,0.0000,0,0,0,0,0,0,0,True
llama_lora,15,854,876,2.5800,1,0,0,0,0,0,1,False
llama_lora,16,2499,2625,5.0400,0,0,0,0,0,0,0,True
llama_lora,17,1223,1461,19.4600,0,0,0,0,0,0,0,True
llama_lora,18,955,1270,32.9800,0,0,0,0,0,0,0,True
llama_lora,19,332,332,0.0000,0,0,0,0,0,0,0,True
llama_lora,20,686,698,1.7500,0,0,0,0,0,0,0,True
llama_lora,21,358,358,0.0000,0,0,0,0,0,0,0,True
llama_lora,22,2396,2396,0.0000,0,0,0,0,0,0,0,True
llama_lora,23,127,143,12.6000,0,0,0,0,0,0,0,True
llama_lora,24,2960,3097,4.6300,0,0,0,0,0,0,0,True
llama_lora,25,1402,1548,10.4100,0,0,0,0,0,0,0,True
llama_lora,26,374,418,11.7600,0,0,0,0,0,0,0,True
llama_lora,27,2277,2380,4.5200,0,0,0,0,0,0,0,True
llama_lora,28,490,505,3.0600,0,0,0,0,0,0,0,True
llama_lora,29,755,755,0.0000,0,0,0,0,0,0,0,True
llama_lora,30,2566,2776,8.1800,0,0,0,0,0,0,0,True
llama_lora,31,280,280,0.0000,0,0,0,0,0,0,0,True
llama_lora,32,1651,1772,7.3300,0,0,0,0,0,0,0,True
llama_lora,33,300,300,0.0000,0,0,0,0,0,0,0,True
llama_lora,34,1580,1778,12.5300,0,0,0,0,0,0,0,True
llama_lora,35,427,478,11.9400,0,0,0,0,0,0,0,True
llama_lora,36,2614,2633,0.7300,0,0,0,0,0,0,0,True
llama_lora,37,65,70,7.6900,0,0,0,0,0,0,0,True
llama_lora,38,521,565,8.4500,0,0,0,0,0,0,0,True
llama_lora,39,309,309,0.0000,0,0,0,0,0,0,0,True
llama_lora,40,2180,2180,0.0000,0,0,0,0,0,0,0,True
llama_lora,41,1709,1709,0.0000,0,0,0,0,0,0,0,True
llama_lora,42,1271,1281,0.7900,0,0,0,0,0,0,0,True
llama_lora,43,1442,1491,3.4000,0,0,0,0,0,0,0,True
llama_lora,44,1525,1525,0.0000,0,0,0,0,0,0,0,True
llama_lora,45,523,523,0.0000,0,0,0,0,0,0,0,True
llama_lora,46,857,1095,27.7700,0,0,0,0,0,0,0,True
llama_lora,47,1019,1047,2.7500,0,0,0,0,0,0,0,True
llama_lora,48,2597,2597,0.0000,0,0,0,0,0,0,0,True
llama_lora,49,2987,3727,24.7700,0,0,0,0,0,0,0,True
llama_lora,50,2590,2715,4.8300,0,0,0,0,0,0,0,True
llama_lora,51,1430,1430,0.0000,0,0,0,0,0,0,0,True
llama_lora,52,435,435,0.0000,0,0,0,0,0,0,0,True
llama_lora,53,1598,1598,0.0000,0,0,0,0,0,0,0,True
llama_lora,54,422,446,5.6900,0,0,0,0,0,0,0,True
llama_lora,55,1365,1407,3.0800,0,0,0,0,0,0,0,True
llama_lora,56,1077,1138,5.6600,0,1,0,0,0,0,1,False
llama_lora,57,242,269,11.1600,0,0,0,0,0,0,0,True
llama_lora,58,727,727,0.0000,0,0,0,0,0,0,0,True
llama_lora,59,861,869,0.9300,0,0,0,0,0,0,0,True
llama_lora,60,2466,2852,15.6500,2,1,0,0,0,0,3,False
llama_lora,61,693,713,2.8900,0,0,0,0,0,0,0,True
llama_lora,62,1466,1650,12.5500,0,0,0,0,0,0,0,True
llama_lora,63,45,48,6.6700,0,0,0,0,0,0,0,True
llama_lora,64,1819,2013,10.6700,0,0,0,0,0,0,0,True
llama_lora,65,591,719,21.6600,0,0,0,0,0,0,0,True
llama_lora,66,532,601,12.9700,0,0,0,0,0,0,0,True
llama_lora,67,1064,1238,16.3500,0,0,0,0,0,0,0,True
llama_lora,68,1157,1324,14.4300,0,0,0,0,0,0,0,True
llama_lora,69,1121,1121,0.0000,0,0,0,0,0,0,0,True
llama_lora,70,545,602,10.4600,0,0,0,0,0,0,0,True
llama_lora,71,1016,1179,16.0400,0,0,0,0,0,0,0,True
llama_lora,72,674,674,0.0000,0,0,0,0,0,0,0,True
llama_lora,73,340,357,5.0000,0,0,0,0,0,0,0,True
llama_lora,74,329,362,10.0300,0,0,0,0,0,0,0,True
llama_lora,75,1621,1621,0.0000,0,1,0,0,0,0,1,False
llama_lora,76,744,796,6.9900,0,0,0,0,0,0,0,True
llama_lora,77,2435,2587,6.2400,0,0,0,0,0,0,0,True
llama_lora,78,698,698,0.0000,0,0,0,0,0,0,0,True
llama_lora,79,1414,1597,12.9400,0,0,0,0,0,0,0,True
llama_lora,80,2241,2585,15.3500,0,0,0,0,0,0,0,True
llama_lora,81,364,364,0.0000,0,0,0,0,1,0,1,False
llama_lora,82,4012,5872,46.3600,0,0,11,2,8,1,22,False
llama_lora,83,338,338,0.0000,0,0,0,0,0,0,0,True
llama_lora,84,930,930,0.0000,0,0,0,0,0,0,0,True
llama_lora,85,2063,2366,14.6900,0,0,0,0,0,0,0,True
llama_lora,86,495,495,0.0000,0,0,0,0,0,0,0,True
llama_lora,87,1884,2159,14.6000,0,0,0,0,0,0,0,True
llama_lora,88,1328,1373,3.3900,0,0,0,0,0,0,0,True
llama_lora,89,250,250,0.0000,0,0,0,0,0,0,0,True
llama_lora,90,301,301,0.0000,0,0,0,0,0,0,0,True
llama_lora,91,1685,1828,8.4900,0,0,0,0,0,0,0,True
llama_lora,92,2329,2569,10.3000,1,0,0,0,0,0,1,False
llama_lora,93,2787,3013,8.1100,0,0,0,0,0,0,0,True
llama_lora,94,177,177,0.0000,0,0,0,0,0,0,0,True
llama_lora,95,706,747,5.8100,0,0,0,0,0,0,0,True
llama_lora,96,822,837,1.8200,0,0,0,0,0,0,0,True
llama_lora,97,571,676,18.3900,0,0,0,0,0,0,0,True
llama_lora,98,422,422,0.0000,0,0,0,0,0,0,0,True
llama_lora,99,895,1040,16.2000,0,0,0,0,0,0,0,True
llama_lora,100,2448,2593,5.9200,0,0,0,0,0,0,0,True
llama_lora,101,2704,2943,8.8400,0,0,0,0,0,0,0,True
llama_lora,102,999,1115,11.6100,0,0,0,0,0,0,0,True
llama_lora,103,1063,1090,2.5400,0,0,0,0,0,0,0,True
llama_lora,104,1136,1209,6.4300,0,0,0,0,0,0,0,True
llama_lora,105,2374,2542,7.0800,0,0,0,0,0,0,0,True
llama_lora,106,445,448,0.6700,0,0,0,0,0,0,0,True
llama_lora,107,435,435,0.0000,0,0,0,0,0,0,0,True
llama_lora,108,1605,1605,0.0000,0,0,0,0,0,0,0,True
llama_lora,109,1757,1757,0.0000,0,0,0,0,0,0,0,True
llama_lora,110,1637,1693,3.4200,0,0,0,0,0,0,0,True
llama_lora,111,154,166,7.7900,0,0,0,0,0,0,0,True
llama_lora,112,2959,3137,6.0200,0,0,0,0,0,0,0,True
llama_lora,113,947,947,0.0000,0,0,0,0,0,0,0,True
llama_lora,114,958,1016,6.0500,0,0,0,0,0,0,0,True
llama_lora,115,639,684,7.0400,0,0,0,0,0,0,0,True
llama_lora,116,753,753,0.0000,0,0,0,0,0,0,0,True
llama_lora,117,878,1025,16.7400,0,0,0,0,0,0,0,True
llama_lora,118,1561,1634,4.6800,0,0,0,0,0,0,0,True
llama_lora,119,1504,1548,2.9300,0,0,0,0,0,0,0,True
llama_lora,120,157,170,8.2800,1,0,0,0,0,0,1,False
llama_lora,121,1041,1331,27.8600,0,0,0,0,0,0,0,True
llama_lora,122,53,53,0.0000,0,0,0,0,0,0,0,True
llama_lora,123,356,357,0.2800,0,0,0,0,0,0,0,True
llama_lora,124,486,614,26.3400,0,0,0,0,0,0,0,True
llama_lora,125,1681,1763,4.8800,0,0,0,0,0,0,0,True
llama_lora,126,890,890,0.0000,0,0,0,0,0,0,0,True
llama_lora,127,1315,1355,3.0400,0,0,0,0,0,0,0,True
llama_lora,128,520,531,2.1200,0,0,0,0,0,0,0,True
llama_lora,129,972,972,0.0000,0,0,0,0,0,0,0,True
llama_lora,130,58,64,10.3400,0,0,0,0,0,0,0,True
llama_lora,131,59,59,0.0000,0,0,0,0,0,0,0,True
llama_lora,132,2917,3296,12.9900,0,0,0,0,0,0,0,True
llama_lora,133,3106,3574,15.0700,0,0,0,0,0,0,0,True
llama_lora,134,1271,1372,7.9500,0,0,0,0,0,0,0,True
llama_lora,135,2891,3213,11.1400,0,0,0,0,0,0,0,True
llama_lora,136,1810,1914,5.7500,0,0,0,0,0,0,0,True
llama_lora,137,2875,2960,2.9600,0,0,0,0,0,0,0,True
llama_lora,138,1493,1560,4.4900,0,0,0,0,0,0,0,True
llama_lora,139,1230,1358,10.4100,0,0,0,0,0,0,0,True
llama_lora,140,802,802,0.0000,0,0,0,0,0,0,0,True
llama_lora,141,466,466,0.0000,0,0,0,0,0,0,0,True
llama_lora,142,1434,1434,0.0000,0,0,0,0,0,0,0,True
llama_lora,143,1654,1654,0.0000,0,0,0,0,0,0,0,True
llama_lora,144,3094,3408,10.1500,0,0,0,0,0,0,0,True
llama_lora,145,2117,2357,11.3400,0,0,0,0,0,0,0,True
llama_lora,146,931,941,1.0700,0,0,0,0,0,0,0,True
llama_lora,147,1336,1336,0.0000,0,0,0,0,0,0,0,True
llama_lora,148,3185,3242,1.7900,0,0,4,10,0,0,14,False
llama_lora,149,856,856,0.0000,0,0,0,0,0,0,0,True
llama_lora,150,243,243,0.0000,0,0,0,0,0,0,0,True
llama_lora,151,1376,1376,0.0000,0,0,0,0,0,0,0,True
llama_lora,152,588,588,0.0000,0,0,0,0,0,0,0,True
llama_lora,153,2058,2058,0.0000,0,0,0,0,0,0,0,True
llama_lora,154,1331,1545,16.0800,0,0,0,0,0,0,0,True
llama_lora,155,2328,2437,4.6800,0,0,0,0,0,0,0,True
llama_lora,156,1639,1639,0.0000,0,0,0,0,0,0,0,True
llama_lora,157,804,824,2.4900,0,0,0,0,0,0,0,True
llama_lora,158,254,286,12.6000,0,0,0,0,0,0,0,True
llama_lora,159,1617,1707,5.5700,0,0,0,0,0,0,0,True
llama_lora,160,801,840,4.8700,0,0,0,0,0,0,0,True
llama_lora,161,1695,1924,13.5100,0,0,0,0,0,0,0,True
llama_lora,162,1383,1592,15.1100,0,0,0,0,0,0,0,True
llama_lora,163,2859,3433,20.0800,0,0,0,0,0,0,0,True
llama_lora,164,873,873,0.0000,0,0,0,0,0,0,0,True
llama_lora,165,543,543,0.0000,0,0,0,0,0,0,0,True
llama_lora,166,412,460,11.6500,0,0,0,0,0,0,0,True
llama_lora,167,583,583,0.0000,0,0,0,0,0,0,0,True
llama_lora,168,615,673,9.4300,1,0,0,0,0,0,1,False
llama_lora,169,545,545,0.0000,0,0,0,0,0,0,0,True
llama_lora,170,1799,1837,2.1100,0,0,0,0,0,0,0,True
llama_lora,171,72,72,0.0000,0,0,0,0,0,0,0,True
llama_lora,172,2254,2672,18.5400,0,0,0,0,0,0,0,True
llama_lora,173,870,890,2.3000,0,0,0,0,0,0,0,True
llama_lora,174,1258,1305,3.7400,0,0,0,0,0,0,0,True
llama_lora,175,612,748,22.2200,0,0,0,0,0,0,0,True
llama_lora,176,359,592,64.9000,0,15,0,1,0,0,16,False
llama_lora,177,57,62,8.7700,0,0,0,0,0,0,0,True
llama_lora,178,1420,1428,0.5600,0,0,0,0,0,0,0,True
llama_lora,179,1867,2083,11.5700,0,0,0,0,0,0,0,True
llama_lora,180,441,540,22.4500,0,0,0,0,0,0,0,True
llama_lora,181,1052,1129,7.3200,0,0,0,0,0,0,0,True
llama_lora,182,162,162,0.0000,0,0,0,0,0,0,0,True
llama_lora,183,1527,1527,0.0000,0,0,0,0,0,0,0,True
llama_lora,184,667,705,5.7000,0,0,0,0,0,0,0,True
llama_lora,185,1851,1906,2.9700,0,0,0,0,0,0,0,True
llama_lora,186,1335,1404,5.1700,0,0,0,0,0,0,0,True
llama_lora,187,2042,2306,12.9300,0,0,0,0,0,0,0,True
llama_lora,188,1700,1713,0.7600,0,0,0,0,0,0,0,True
llama_lora,189,1390,1550,11.5100,0,0,0,0,0,0,0,True
llama_lora,190,1296,1324,2.1600,0,0,0,0,0,0,0,True
llama_lora,191,1451,1481,2.0700,0,0,0,0,0,0,0,True
llama_lora,192,143,151,5.5900,0,0,0,0,0,0,0,True
llama_lora,193,860,865,0.5800,0,0,0,0,0,0,0,True
llama_lora,194,1187,1187,0.0000,0,0,0,0,0,0,0,True
llama_lora,195,219,257,17.3500,0,0,0,0,0,0,0,True
llama_lora,196,2582,2725,5.5400,0,0,0,0,0,0,0,True
llama_lora,197,1876,1879,0.1600,0,0,0,0,0,0,0,True
llama_lora,198,1888,2171,14.9900,0,0,0,0,0,0,0,True
llama_lora,199,402,402,0.0000,0,0,0,0,0,0,0,True
llama_lora,200,1622,1787,10.1700,0,0,0,0,0,0,0,True
rslora_v4_ck50,0,1972,2061,,0,0,0,0,0,0,0,True
rslora_v4_ck50,1,120,120,,0,0,0,0,0,0,0,True
rslora_v4_ck50,2,76,76,,0,0,0,0,0,0,0,True
rslora_v4_ck50,3,2320,2320,,0,0,0,0,0,0,0,True
rslora_v4_ck50,4,2464,2464,,0,0,0,0,0,0,0,True
rslora_v4_ck50,5,1165,1348,,0,0,0,2,0,0,2,False
rslora_v4_ck50,6,1160,1258,,0,0,0,0,0,0,0,True
rslora_v4_ck50,7,673,673,,0,0,0,0,0,0,0,True
rslora_v4_ck50,8,1335,1407,,0,0,0,0,0,0,0,True
rslora_v4_ck50,9,90,161,,0,17,0,0,0,0,17,False
rslora_v4_ck50,10,939,1002,,0,0,0,0,0,0,0,True
rslora_v4_ck50,11,741,741,,0,0,0,0,0,0,0,True
rslora_v4_ck50,12,92,92,,0,0,0,0,0,0,0,True
rslora_v4_ck50,13,4009,5249,,0,181,45,182,25,35,468,False
rslora_v4_ck50,14,1258,1342,,0,0,0,0,0,0,0,True
rslora_v4_ck50,15,1290,1290,,0,0,0,0,0,0,0,True
rslora_v4_ck50,16,1715,1904,,0,0,0,0,0,0,0,True
rslora_v4_ck50,17,1913,1913,,0,0,0,0,0,0,0,True
rslora_v4_ck50,18,571,571,,0,0,0,0,0,0,0,True
rslora_v4_ck50,19,2377,2377,,0,0,0,0,0,0,0,True
rslora_v4_ck50,20,1375,1384,,0,0,0,0,0,0,0,True
rslora_v4_ck50,21,1166,1166,,0,0,0,0,0,0,0,True
rslora_v4_ck50,22,2331,2656,,0,0,0,0,0,0,0,True
rslora_v4_ck50,23,1641,1679,,0,0,0,0,0,0,0,True
rslora_v4_ck50,24,868,868,,0,0,0,0,0,0,0,True
rslora_v4_ck50,25,1462,1462,,0,0,0,0,0,0,0,True
rslora_v4_ck50,26,3228,3958,,1,19,15,20,3,8,66,False
rslora_v4_ck50,27,1926,1982,,0,0,0,0,0,0,0,True
rslora_v4_ck50,28,1303,1336,,0,0,0,0,0,0,0,True
rslora_v4_ck50,29,1541,1674,,0,4,0,0,0,0,4,False
rslora_v4_ck50,30,2579,2782,,0,0,0,0,0,0,0,True
rslora_v4_ck50,31,1364,1633,,0,0,0,0,0,0,0,True
rslora_v4_ck50,32,817,817,,0,0,0,0,0,0,0,True
rslora_v4_ck50,33,2440,2440,,0,0,0,0,0,0,0,True
rslora_v4_ck50,34,1161,1506,,0,9,0,0,0,0,9,False
rslora_v4_ck50,35,567,573,,0,0,0,0,0,0,0,True
rslora_v4_ck50,36,2848,3201,,0,0,0,0,0,0,0,True
rslora_v4_ck50,37,955,1036,,0,0,0,0,0,0,0,True
rslora_v4_ck50,38,1257,1370,,0,0,0,0,0,0,0,True
rslora_v4_ck50,39,670,670,,0,0,0,0,0,0,0,True
rslora_v4_ck50,40,2019,2210,,0,0,0,0,0,0,0,True
rslora_v4_ck50,41,2732,2732,,0,0,0,0,0,0,0,True
rslora_v4_ck50,42,1993,2219,,0,0,0,0,0,0,0,True
rslora_v4_ck50,43,284,297,,0,0,0,0,0,0,0,True
rslora_v4_ck50,44,1289,1372,,0,0,0,0,0,0,0,True
rslora_v4_ck50,45,945,951,,0,0,0,0,0,0,0,True
rslora_v4_ck50,46,1921,2065,,0,0,0,0,0,0,0,True
rslora_v4_ck50,47,1664,1802,,0,0,0,0,0,0,0,True
rslora_v4_ck50,48,135,155,,0,0,0,0,0,0,0,True
rslora_v4_ck50,49,824,824,,0,0,0,0,0,0,0,True
rslora_v4_ck50,50,2367,4169,,0,192,26,112,8,14,352,False
rslora_v4_ck50,51,981,1045,,0,0,0,0,0,0,0,True
rslora_v4_ck50,52,2122,2261,,1,0,0,0,0,0,1,False
rslora_v4_ck50,53,694,694,,0,0,0,0,0,0,0,True
rslora_v4_ck50,54,1806,2255,,0,0,0,0,0,0,0,True
rslora_v4_ck50,55,143,165,,0,0,0,0,0,0,0,True
rslora_v4_ck50,56,2288,2481,,0,0,0,0,0,0,0,True
rslora_v4_ck50,57,592,606,,0,0,0,0,0,0,0,True
rslora_v4_ck50,58,198,223,,0,0,0,0,0,0,0,True
rslora_v4_ck50,59,586,607,,0,0,0,0,0,0,0,True
rslora_v4_ck50,60,165,165,,0,0,0,0,0,0,0,True
rslora_v4_ck50,61,164,169,,0,0,0,0,0,0,0,True
rslora_v4_ck50,62,1916,2150,,0,0,0,0,0,0,0,True
rslora_v4_ck50,63,496,503,,0,0,0,0,0,0,0,True
rslora_v4_ck50,64,1157,1157,,0,0,0,0,0,0,0,True
rslora_v4_ck50,65,2645,2891,,0,0,0,0,0,0,0,True
rslora_v4_ck50,66,1007,1007,,0,0,0,0,0,0,0,True
rslora_v4_ck50,67,716,750,,0,0,0,0,0,0,0,True
rslora_v4_ck50,68,872,8997,,0,195,2,14,12,0,223,False
rslora_v4_ck50,69,1286,9006,,0,191,4,60,11,0,266,False
rslora_v4_ck50,70,1834,1957,,0,0,0,0,0,0,0,True
rslora_v4_ck50,71,3031,3402,,0,0,0,0,0,0,0,True
rslora_v4_ck50,72,1869,2179,,0,0,0,0,0,0,0,True
rslora_v4_ck50,73,496,643,,0,1,0,0,0,0,1,False
rslora_v4_ck50,74,731,731,,0,0,0,0,0,0,0,True
rslora_v4_ck50,75,2569,2838,,0,0,0,0,0,0,0,True
rslora_v4_ck50,76,877,877,,0,0,0,0,0,0,0,True
rslora_v4_ck50,77,1879,1966,,0,0,0,0,0,0,0,True
rslora_v4_ck50,78,947,1038,,0,0,0,0,0,0,0,True
rslora_v4_ck50,79,789,945,,0,4,0,0,0,0,4,False
rslora_v4_ck50,80,655,742,,0,0,0,0,0,0,0,True
rslora_v4_ck50,81,1314,1366,,0,0,0,0,0,0,0,True
rslora_v4_ck50,82,279,301,,0,0,0,0,0,0,0,True
rslora_v4_ck50,83,2281,2378,,0,0,0,0,0,0,0,True
rslora_v4_ck50,84,551,579,,0,0,0,0,0,0,0,True
rslora_v4_ck50,85,1807,1807,,0,0,0,0,0,0,0,True
rslora_v4_ck50,86,860,860,,0,0,0,0,0,0,0,True
rslora_v4_ck50,87,3023,3494,,0,0,0,0,0,0,0,True
rslora_v4_ck50,88,1125,1125,,0,0,0,0,0,0,0,True
rslora_v4_ck50,89,1806,1863,,0,0,0,0,0,0,0,True
rslora_v4_ck50,90,873,873,,0,0,0,0,0,0,0,True
rslora_v4_ck50,91,2023,2116,,0,0,0,0,0,0,0,True
rslora_v4_ck50,92,939,1032,,0,0,0,0,0,0,0,True
rslora_v4_ck50,93,328,328,,0,0,0,0,0,0,0,True
rslora_v4_ck50,94,519,520,,0,0,0,0,0,0,0,True
rslora_v4_ck50,95,193,223,,0,0,0,0,0,0,0,True
rslora_v4_ck50,96,72,75,,0,0,0,0,0,0,0,True
rslora_v4_ck50,97,419,419,,0,0,0,0,0,0,0,True
rslora_v4_ck50,98,499,566,,0,0,0,0,0,0,0,True
rslora_v4_ck50,99,1806,1806,,0,0,0,0,0,0,0,True
rslora_v4_ck50,100,1356,1356,,0,0,0,0,0,0,0,True
rslora_v4_ck50,101,536,609,,0,0,0,0,0,0,0,True
rslora_v4_ck50,102,987,987,,0,0,0,0,0,0,0,True
rslora_v4_ck50,103,2179,2674,,0,0,0,0,0,0,0,True
rslora_v4_ck50,104,1236,1309,,0,0,0,0,0,0,0,True
rslora_v4_ck50,105,2102,2168,,0,0,0,0,0,0,0,True
rslora_v4_ck50,106,1037,1037,,0,0,0,0,0,0,0,True
rslora_v4_ck50,107,1100,1493,,0,0,0,0,0,0,0,True
rslora_v4_ck50,108,2524,4256,,0,184,44,138,13,25,404,False
rslora_v4_ck50,109,562,562,,0,0,0,0,0,0,0,True
rslora_v4_ck50,110,1426,1426,,0,0,0,0,0,0,0,True
rslora_v4_ck50,111,59,59,,0,0,0,0,0,0,0,True
rslora_v4_ck50,112,2212,2638,,0,1,0,0,0,0,1,False
rslora_v4_ck50,113,1238,1238,,0,0,0,0,0,0,0,True
rslora_v4_ck50,114,992,1376,,0,8,0,0,0,0,8,False
rslora_v4_ck50,115,1663,1707,,0,0,0,0,0,0,0,True
rslora_v4_ck50,116,649,688,,0,0,0,0,0,0,0,True
rslora_v4_ck50,117,1539,1539,,0,0,0,0,0,0,0,True
rslora_v4_ck50,118,1347,1443,,0,0,0,0,0,0,0,True
rslora_v4_ck50,119,1834,1904,,0,0,0,0,0,0,0,True
rslora_v4_ck50,120,2392,2392,,0,0,0,0,0,0,0,True
rslora_v4_ck50,121,1218,1218,,0,0,0,0,0,0,0,True
rslora_v4_ck50,122,1534,1700,,0,0,0,0,0,0,0,True
rslora_v4_ck50,123,1404,1428,,0,0,0,0,0,0,0,True
rslora_v4_ck50,124,96,112,,0,0,0,0,0,0,0,True
rslora_v4_ck50,125,1082,1082,,0,0,0,0,0,0,0,True
rslora_v4_ck50,126,563,654,,0,3,0,0,0,0,3,False
rslora_v4_ck50,127,655,655,,0,0,0,0,0,0,0,True
rslora_v4_ck50,128,982,982,,0,0,0,0,0,0,0,True
rslora_v4_ck50,129,638,638,,0,0,0,0,0,0,0,True
rslora_v4_ck50,130,646,646,,0,0,0,0,0,0,0,True
rslora_v4_ck50,131,1110,1110,,0,0,0,0,0,0,0,True
rslora_v4_ck50,132,1385,1609,,0,0,0,0,0,0,0,True
rslora_v4_ck50,133,645,682,,0,0,0,0,0,0,0,True
rslora_v4_ck50,134,741,856,,0,0,0,0,0,0,0,True
rslora_v4_ck50,135,1895,2030,,0,0,0,0,0,0,0,True
rslora_v4_ck50,136,667,676,,0,0,0,0,0,0,0,True
rslora_v4_ck50,137,874,874,,0,0,0,0,0,0,0,True
rslora_v4_ck50,138,329,334,,0,0,0,0,0,0,0,True
rslora_v4_ck50,139,1882,1990,,0,0,0,0,0,0,0,True
rslora_v4_ck50,140,2525,2619,,0,0,0,0,0,0,0,True
rslora_v4_ck50,141,267,267,,0,0,0,0,0,0,0,True
rslora_v4_ck50,142,1214,1214,,0,0,0,0,0,0,0,True
rslora_v4_ck50,143,1267,1497,,0,1,0,0,0,0,1,False
rslora_v4_ck50,144,433,434,,0,0,0,0,0,0,0,True
rslora_v4_ck50,145,2043,2218,,0,0,0,0,0,0,0,True
rslora_v4_ck50,146,2021,2248,,0,0,0,0,0,0,0,True
rslora_v4_ck50,147,1672,1827,,0,0,0,0,0,1,1,False
rslora_v4_ck50,148,337,337,,0,0,0,0,0,0,0,True
rslora_v4_ck50,149,2140,2140,,0,0,0,0,0,0,0,True
rslora_v4_ck50,150,1577,1904,,0,0,0,0,0,0,0,True
rslora_v4_ck50,151,2704,3072,,0,0,0,0,0,0,0,True
rslora_v4_ck50,152,1667,1667,,0,0,0,0,0,0,0,True
rslora_v4_ck50,153,1143,1216,,0,0,0,0,0,0,0,True
rslora_v4_ck50,154,1329,1536,,0,0,0,0,0,0,0,True
rslora_v4_ck50,155,517,544,,0,0,0,0,0,0,0,True
rslora_v4_ck50,156,2335,2781,,0,1,0,0,0,0,1,False
rslora_v4_ck50,157,557,557,,0,0,0,0,0,0,0,True
rslora_v4_ck50,158,1455,1663,,0,0,0,0,0,0,0,True
rslora_v4_ck50,159,507,569,,0,0,0,0,0,0,0,True
rslora_v4_ck50,160,22,22,,0,0,0,0,0,0,0,True
rslora_v4_ck50,161,1549,1606,,0,0,0,0,0,0,0,True
rslora_v4_ck50,162,155,184,,0,0,0,0,0,0,0,True
rslora_v4_ck50,163,658,670,,0,0,0,0,0,0,0,True
rslora_v4_ck50,164,287,287,,0,0,0,0,0,0,0,True
rslora_v4_ck50,165,1178,1178,,0,0,0,0,0,0,0,True
rslora_v4_ck50,166,815,839,,0,0,0,0,0,0,0,True
rslora_v4_ck50,167,142,142,,0,0,0,0,0,0,0,True
rslora_v4_ck50,168,2328,2328,,0,0,0,0,0,0,0,True
rslora_v4_ck50,169,2515,2515,,0,0,0,0,0,1,1,False
rslora_v4_ck50,170,1699,1699,,0,0,0,0,0,0,0,True
rslora_v4_ck50,171,1405,1469,,0,0,0,0,0,0,0,True
rslora_v4_ck50,172,1261,1452,,0,0,0,0,0,0,0,True
rslora_v4_ck50,173,788,788,,0,0,0,0,0,0,0,True
rslora_v4_ck50,174,1484,1562,,0,0,0,0,0,0,0,True
rslora_v4_ck50,175,2098,2341,,0,0,0,0,0,0,0,True
rslora_v4_ck50,176,895,957,,0,0,0,0,0,0,0,True
rslora_v4_ck50,177,1529,1768,,0,0,0,0,0,0,0,True
rslora_v4_ck50,178,1381,1472,,0,0,0,0,0,0,0,True
rslora_v4_ck50,179,3033,3353,,0,2,0,0,0,1,3,False
rslora_v4_ck50,180,1068,1088,,0,0,0,0,0,0,0,True
rslora_v4_ck50,181,265,275,,0,0,0,0,0,0,0,True
rslora_v4_ck50,182,2309,2432,,0,0,0,0,0,0,0,True
rslora_v4_ck50,183,490,560,,0,0,0,0,0,0,0,True
rslora_v4_ck50,184,383,418,,0,0,0,0,0,0,0,True
rslora_v4_ck50,185,140,140,,0,0,0,0,0,0,0,True
rslora_v4_ck50,186,1599,4282,,0,162,3,76,6,3,250,False
rslora_v4_ck50,187,829,865,,0,0,0,0,0,0,0,True
rslora_v4_ck50,188,1564,1604,,0,0,0,0,0,0,0,True
rslora_v4_ck50,189,1682,1915,,0,0,0,0,0,0,0,True
rslora_v4_ck50,190,1375,1384,,0,0,0,0,0,0,0,True
rslora_v4_ck50,191,817,828,,0,0,0,0,0,0,0,True
rslora_v4_ck50,192,1458,1626,,0,0,0,0,0,0,0,True
rslora_v4_ck50,193,543,543,,0,0,0,0,0,0,0,True
rslora_v4_ck50,194,1121,1121,,0,0,0,0,0,0,0,True
rslora_v4_ck50,195,1243,1404,,0,0,0,0,0,0,0,True
rslora_v4_ck50,196,861,878,,0,0,0,0,0,0,0,True
rslora_v4_ck50,197,360,403,,0,0,0,0,0,0,0,True
rslora_v4_ck50,198,2965,3304,,1,0,2,0,1,0,4,False
rslora_v4_ck50,199,431,475,,0,0,0,0,0,0,0,True
rslora_v4_ck100,0,1972,2061,,0,0,0,0,0,0,0,True
rslora_v4_ck100,1,120,120,,0,0,0,0,0,0,0,True
rslora_v4_ck100,2,76,76,,0,0,0,0,0,0,0,True
rslora_v4_ck100,3,2320,2320,,0,0,0,0,0,0,0,True
rslora_v4_ck100,4,2464,2464,,0,0,0,0,0,0,0,True
rslora_v4_ck100,5,1165,1348,,0,0,0,2,0,0,2,False
rslora_v4_ck100,6,1160,1258,,0,0,0,0,0,0,0,True
rslora_v4_ck100,7,673,673,,0,0,0,0,0,0,0,True
rslora_v4_ck100,8,1335,1407,,0,0,0,0,0,0,0,True
rslora_v4_ck100,9,90,152,,0,13,0,0,0,0,13,False
rslora_v4_ck100,10,939,1002,,0,0,0,0,0,0,0,True
rslora_v4_ck100,11,741,741,,0,0,0,0,0,0,0,True
rslora_v4_ck100,12,92,92,,0,0,0,0,0,0,0,True
rslora_v4_ck100,13,4009,4440,,0,0,0,0,0,0,0,True
rslora_v4_ck100,14,1258,1395,,0,0,0,0,0,0,0,True
rslora_v4_ck100,15,1290,1401,,0,0,0,0,0,0,0,True
rslora_v4_ck100,16,1715,1993,,0,0,0,0,0,0,0,True
rslora_v4_ck100,17,1913,1913,,0,0,0,0,0,0,0,True
rslora_v4_ck100,18,571,571,,0,0,0,0,0,0,0,True
rslora_v4_ck100,19,2377,2377,,0,0,0,0,0,0,0,True
rslora_v4_ck100,20,1375,1406,,0,0,0,0,0,0,0,True
rslora_v4_ck100,21,1166,1166,,0,0,0,0,0,0,0,True
rslora_v4_ck100,22,2331,2740,,0,0,0,0,0,0,0,True
rslora_v4_ck100,23,1641,1679,,0,0,0,0,0,0,0,True
rslora_v4_ck100,24,868,868,,0,0,0,0,0,0,0,True
rslora_v4_ck100,25,1462,1462,,0,0,0,0,0,0,0,True
rslora_v4_ck100,26,3228,3817,,1,14,15,15,2,8,55,False
rslora_v4_ck100,27,1926,2161,,0,0,0,0,0,0,0,True
rslora_v4_ck100,28,1303,1336,,0,0,0,0,0,0,0,True
rslora_v4_ck100,29,1541,1765,,0,0,0,0,0,0,0,True
rslora_v4_ck100,30,2579,2879,,0,0,0,0,0,0,0,True
rslora_v4_ck100,31,1364,1567,,0,0,0,0,0,0,0,True
rslora_v4_ck100,32,817,849,,0,0,0,0,0,0,0,True
rslora_v4_ck100,33,2440,2440,,0,0,0,0,0,0,0,True
rslora_v4_ck100,34,1161,1554,,0,5,0,0,0,0,5,False
rslora_v4_ck100,35,567,573,,0,0,0,0,0,0,0,True
rslora_v4_ck100,36,2848,3201,,0,0,0,0,0,0,0,True
rslora_v4_ck100,37,955,1036,,0,0,0,0,0,1,1,False
rslora_v4_ck100,38,1257,1430,,0,0,0,0,0,0,0,True
rslora_v4_ck100,39,670,670,,0,0,0,0,0,0,0,True
rslora_v4_ck100,40,2019,2210,,0,0,0,0,0,0,0,True
rslora_v4_ck100,41,2732,2732,,0,0,0,0,0,0,0,True
rslora_v4_ck100,42,1993,2219,,0,0,0,0,0,0,0,True
rslora_v4_ck100,43,284,284,,0,0,0,0,0,0,0,True
rslora_v4_ck100,44,1289,1372,,0,0,0,0,0,0,0,True
rslora_v4_ck100,45,945,951,,0,0,0,0,0,0,0,True
rslora_v4_ck100,46,1921,2065,,0,0,0,0,0,0,0,True
rslora_v4_ck100,47,1664,1802,,0,0,0,0,0,0,0,True
rslora_v4_ck100,48,135,135,,0,0,0,0,0,0,0,True
rslora_v4_ck100,49,824,824,,0,0,0,0,0,0,0,True
rslora_v4_ck100,50,2367,4280,,0,181,27,99,19,14,340,False
rslora_v4_ck100,51,981,1039,,0,0,0,0,0,0,0,True
rslora_v4_ck100,52,2122,2690,,0,0,0,0,0,0,0,True
rslora_v4_ck100,53,694,694,,0,0,0,0,0,0,0,True
rslora_v4_ck100,54,1806,1844,,0,0,0,0,0,0,0,True
rslora_v4_ck100,55,143,165,,0,0,0,0,0,0,0,True
rslora_v4_ck100,56,2288,2481,,0,0,0,0,0,0,0,True
rslora_v4_ck100,57,592,606,,0,0,0,0,0,0,0,True
rslora_v4_ck100,58,198,223,,0,0,0,0,0,0,0,True
rslora_v4_ck100,59,586,615,,0,0,0,0,0,0,0,True
rslora_v4_ck100,60,165,165,,0,0,0,0,0,0,0,True
rslora_v4_ck100,61,164,164,,0,0,0,0,0,0,0,True
rslora_v4_ck100,62,1916,2135,,0,0,0,1,0,0,1,False
rslora_v4_ck100,63,496,503,,0,0,0,0,0,0,0,True
rslora_v4_ck100,64,1157,1157,,0,0,0,0,0,0,0,True
rslora_v4_ck100,65,2645,2875,,0,0,0,0,0,0,0,True
rslora_v4_ck100,66,1007,1007,,0,0,0,0,0,0,0,True
rslora_v4_ck100,67,716,716,,0,0,0,0,0,0,0,True
rslora_v4_ck100,68,872,1003,,0,2,0,0,0,0,2,False
rslora_v4_ck100,69,1286,1481,,0,1,0,0,0,0,1,False
rslora_v4_ck100,70,1834,2091,,0,0,0,0,0,0,0,True
rslora_v4_ck100,71,3031,3568,,0,0,0,0,0,0,0,True
rslora_v4_ck100,72,1869,1946,,0,0,0,0,0,0,0,True
rslora_v4_ck100,73,496,846,,0,17,0,0,0,0,17,False
rslora_v4_ck100,74,731,731,,0,0,0,0,0,0,0,True
rslora_v4_ck100,75,2569,2992,,0,0,0,0,0,0,0,True
rslora_v4_ck100,76,877,877,,0,0,0,0,0,0,0,True
rslora_v4_ck100,77,1879,2033,,0,0,0,0,0,0,0,True
rslora_v4_ck100,78,947,997,,0,0,0,0,0,0,0,True
rslora_v4_ck100,79,789,5222,,0,195,0,9,13,0,217,False
rslora_v4_ck100,80,655,698,,0,0,0,0,0,0,0,True
rslora_v4_ck100,81,1314,1366,,0,0,0,0,0,0,0,True
rslora_v4_ck100,82,279,301,,0,0,0,0,0,0,0,True
rslora_v4_ck100,83,2281,2331,,0,0,0,0,0,0,0,True
rslora_v4_ck100,84,551,551,,0,0,0,0,0,0,0,True
rslora_v4_ck100,85,1807,1807,,0,0,0,0,0,0,0,True
rslora_v4_ck100,86,860,860,,0,0,0,0,0,0,0,True
rslora_v4_ck100,87,3023,3575,,0,0,0,0,0,0,0,True
rslora_v4_ck100,88,1125,1125,,0,0,0,0,0,0,0,True
rslora_v4_ck100,89,1806,1863,,0,0,0,0,0,0,0,True
rslora_v4_ck100,90,873,873,,0,0,0,0,0,0,0,True
rslora_v4_ck100,91,2023,2116,,0,0,0,0,0,0,0,True
rslora_v4_ck100,92,939,1084,,0,0,0,0,0,0,0,True
rslora_v4_ck100,93,328,328,,0,0,0,0,0,0,0,True
rslora_v4_ck100,94,519,520,,0,0,0,0,0,0,0,True
rslora_v4_ck100,95,193,193,,0,0,0,0,0,0,0,True
rslora_v4_ck100,96,72,72,,0,0,0,0,0,0,0,True
rslora_v4_ck100,97,419,419,,0,0,0,0,0,0,0,True
rslora_v4_ck100,98,499,566,,0,0,0,0,0,0,0,True
rslora_v4_ck100,99,1806,1806,,0,0,0,0,0,0,0,True
rslora_v4_ck100,100,1356,1356,,0,0,0,0,0,0,0,True
rslora_v4_ck100,101,536,607,,0,0,0,0,0,0,0,True
rslora_v4_ck100,102,987,987,,0,0,0,0,0,0,0,True
rslora_v4_ck100,103,2179,2656,,0,0,0,0,0,0,0,True
rslora_v4_ck100,104,1236,1309,,0,0,0,0,0,0,0,True
rslora_v4_ck100,105,2102,2168,,0,0,0,0,0,0,0,True
rslora_v4_ck100,106,1037,1037,,0,0,0,0,0,0,0,True
rslora_v4_ck100,107,1100,1238,,0,0,0,0,0,0,0,True
rslora_v4_ck100,108,2524,4391,,0,188,31,127,9,20,375,False
rslora_v4_ck100,109,562,562,,0,0,0,0,0,0,0,True
rslora_v4_ck100,110,1426,1426,,0,0,0,0,0,0,0,True
rslora_v4_ck100,111,59,59,,0,0,0,0,0,0,0,True
rslora_v4_ck100,112,2212,2908,,0,6,0,0,0,0,6,False
rslora_v4_ck100,113,1238,1238,,0,0,0,0,0,0,0,True
rslora_v4_ck100,114,992,1071,,0,0,0,0,0,0,0,True
rslora_v4_ck100,115,1663,1707,,0,0,0,0,0,0,0,True
rslora_v4_ck100,116,649,739,,0,0,0,0,0,0,0,True
rslora_v4_ck100,117,1539,1539,,0,0,0,0,0,0,0,True
rslora_v4_ck100,118,1347,1443,,0,0,0,0,0,0,0,True
rslora_v4_ck100,119,1834,1904,,0,0,0,0,0,0,0,True
rslora_v4_ck100,120,2392,2392,,0,0,0,0,0,0,0,True
rslora_v4_ck100,121,1218,1218,,0,0,0,0,0,0,0,True
rslora_v4_ck100,122,1534,1700,,0,0,0,0,0,0,0,True
rslora_v4_ck100,123,1404,1404,,0,0,0,0,0,0,0,True
rslora_v4_ck100,124,96,112,,0,0,0,0,0,0,0,True
rslora_v4_ck100,125,1082,1082,,0,0,0,0,0,0,0,True
rslora_v4_ck100,126,563,654,,0,3,0,0,0,0,3,False
rslora_v4_ck100,127,655,655,,0,0,0,0,0,0,0,True
rslora_v4_ck100,128,982,982,,0,0,0,0,0,0,0,True
rslora_v4_ck100,129,638,638,,0,0,0,0,0,0,0,True
rslora_v4_ck100,130,646,646,,0,0,0,0,0,0,0,True
rslora_v4_ck100,131,1110,1110,,0,0,0,0,0,0,0,True
rslora_v4_ck100,132,1385,1497,,0,0,0,0,0,0,0,True
rslora_v4_ck100,133,645,682,,0,0,0,0,0,0,0,True
rslora_v4_ck100,134,741,856,,0,0,0,0,0,0,0,True
rslora_v4_ck100,135,1895,1957,,0,0,0,0,0,0,0,True
rslora_v4_ck100,136,667,676,,0,0,0,0,0,0,0,True
rslora_v4_ck100,137,874,874,,0,0,0,0,0,0,0,True
rslora_v4_ck100,138,329,334,,0,0,0,0,0,0,0,True
rslora_v4_ck100,139,1882,2001,,0,0,0,0,0,0,0,True
rslora_v4_ck100,140,2525,2595,,0,0,0,0,0,0,0,True
rslora_v4_ck100,141,267,275,,0,0,0,0,0,0,0,True
rslora_v4_ck100,142,1214,1214,,0,0,0,0,0,0,0,True
rslora_v4_ck100,143,1267,1486,,0,0,0,0,0,0,0,True
rslora_v4_ck100,144,433,433,,0,0,0,0,0,0,0,True
rslora_v4_ck100,145,2043,2312,,0,0,0,0,0,0,0,True
rslora_v4_ck100,146,2021,2160,,0,0,0,0,0,0,0,True
rslora_v4_ck100,147,1672,1765,,0,0,0,0,0,0,0,True
rslora_v4_ck100,148,337,337,,0,0,0,0,0,0,0,True
rslora_v4_ck100,149,2140,2140,,0,0,0,0,0,0,0,True
rslora_v4_ck100,150,1577,1904,,0,0,0,0,0,0,0,True
rslora_v4_ck100,151,2704,3125,,0,0,0,0,0,1,1,False
rslora_v4_ck100,152,1667,1667,,0,0,0,0,0,0,0,True
rslora_v4_ck100,153,1143,1216,,0,0,0,0,0,0,0,True
rslora_v4_ck100,154,1329,1463,,0,0,0,0,0,0,0,True
rslora_v4_ck100,155,517,544,,0,0,0,0,0,0,0,True
rslora_v4_ck100,156,2335,2802,,0,0,0,0,0,0,0,True
rslora_v4_ck100,157,557,557,,0,0,0,0,0,0,0,True
rslora_v4_ck100,158,1455,1575,,0,0,0,0,0,0,0,True
rslora_v4_ck100,159,507,569,,0,0,0,0,0,0,0,True
rslora_v4_ck100,160,22,22,,0,0,0,0,0,0,0,True
rslora_v4_ck100,161,1549,1739,,0,0,0,0,0,0,0,True
rslora_v4_ck100,162,155,187,,0,0,0,0,0,0,0,True
rslora_v4_ck100,163,658,790,,0,0,0,0,0,0,0,True
rslora_v4_ck100,164,287,287,,0,0,0,0,0,0,0,True
rslora_v4_ck100,165,1178,1178,,0,0,0,0,0,0,0,True
rslora_v4_ck100,166,815,839,,0,0,0,0,0,0,0,True
rslora_v4_ck100,167,142,142,,0,0,0,0,0,0,0,True
rslora_v4_ck100,168,2328,2328,,0,0,0,0,0,0,0,True
rslora_v4_ck100,169,2515,2515,,0,0,0,0,0,0,0,True
rslora_v4_ck100,170,1699,1699,,0,0,0,0,0,0,0,True
rslora_v4_ck100,171,1405,1463,,0,0,0,0,0,0,0,True
rslora_v4_ck100,172,1261,1440,,0,0,0,0,0,0,0,True
rslora_v4_ck100,173,788,788,,0,0,0,0,0,0,0,True
rslora_v4_ck100,174,1484,1562,,0,0,0,0,0,0,0,True
rslora_v4_ck100,175,2098,2248,,0,0,0,0,0,0,0,True
rslora_v4_ck100,176,895,957,,0,0,0,0,0,0,0,True
rslora_v4_ck100,177,1529,1782,,0,0,0,0,0,0,0,True
rslora_v4_ck100,178,1381,1472,,0,0,0,0,0,0,0,True
rslora_v4_ck100,179,3033,3711,,0,11,0,0,0,0,11,False
rslora_v4_ck100,180,1068,1088,,0,0,0,0,0,0,0,True
rslora_v4_ck100,181,265,272,,0,0,0,0,0,0,0,True
rslora_v4_ck100,182,2309,2319,,0,0,0,0,0,0,0,True
rslora_v4_ck100,183,490,521,,0,0,0,0,0,0,0,True
rslora_v4_ck100,184,383,408,,0,0,0,0,0,0,0,True
rslora_v4_ck100,185,140,143,,0,0,0,0,0,0,0,True
rslora_v4_ck100,186,1599,4227,,0,206,9,101,12,5,333,False
rslora_v4_ck100,187,829,859,,0,0,0,0,0,0,0,True
rslora_v4_ck100,188,1564,1707,,0,0,0,0,0,0,0,True
rslora_v4_ck100,189,1682,1915,,0,0,0,0,0,0,0,True
rslora_v4_ck100,190,1375,1420,,0,0,0,0,0,0,0,True
rslora_v4_ck100,191,817,934,,0,0,0,0,0,0,0,True
rslora_v4_ck100,192,1458,1595,,0,0,0,0,0,0,0,True
rslora_v4_ck100,193,543,543,,0,0,0,0,0,0,0,True
rslora_v4_ck100,194,1121,1121,,0,0,0,0,0,0,0,True
rslora_v4_ck100,195,1243,1404,,0,0,0,0,0,0,0,True
rslora_v4_ck100,196,861,878,,0,0,0,0,0,0,0,True
rslora_v4_ck100,197,360,403,,0,0,0,0,0,0,0,True
rslora_v4_ck100,198,2965,3304,,1,0,2,0,1,0,4,False
rslora_v4_ck100,199,431,475,,0,0,0,0,0,0,0,True
rslora_v4_ck150,0,1972,2061,,0,0,0,0,0,0,0,True
rslora_v4_ck150,1,120,120,,0,0,0,0,0,0,0,True
rslora_v4_ck150,2,76,76,,0,0,0,0,0,0,0,True
rslora_v4_ck150,3,2320,2320,,0,0,0,0,0,0,0,True
rslora_v4_ck150,4,2464,2464,,0,0,0,0,0,0,0,True
rslora_v4_ck150,5,1165,1348,,0,0,0,0,0,0,0,True
rslora_v4_ck150,6,1160,1258,,0,0,0,0,0,0,0,True
rslora_v4_ck150,7,673,673,,0,0,0,0,0,0,0,True
rslora_v4_ck150,8,1335,1407,,0,0,0,0,0,0,0,True
rslora_v4_ck150,9,90,103,,0,1,0,0,0,0,1,False
rslora_v4_ck150,10,939,1002,,0,0,0,0,0,0,0,True
rslora_v4_ck150,11,741,741,,0,0,0,0,0,0,0,True
rslora_v4_ck150,12,92,92,,0,0,0,0,0,0,0,True
rslora_v4_ck150,13,4009,4372,,0,0,0,0,0,0,0,True
rslora_v4_ck150,14,1258,1342,,0,0,0,0,0,0,0,True
rslora_v4_ck150,15,1290,1290,,0,0,0,0,0,0,0,True
rslora_v4_ck150,16,1715,1921,,0,0,0,0,0,0,0,True
rslora_v4_ck150,17,1913,1913,,0,0,0,0,0,0,0,True
rslora_v4_ck150,18,571,571,,0,0,0,0,0,0,0,True
rslora_v4_ck150,19,2377,2377,,0,0,0,0,0,0,0,True
rslora_v4_ck150,20,1375,1399,,0,0,0,0,0,0,0,True
rslora_v4_ck150,21,1166,1166,,0,0,0,0,0,0,0,True
rslora_v4_ck150,22,2331,2536,,1,1,2,0,1,0,5,False
rslora_v4_ck150,23,1641,1679,,0,0,0,0,0,0,0,True
rslora_v4_ck150,24,868,868,,0,0,0,0,0,0,0,True
rslora_v4_ck150,25,1462,1462,,0,0,0,0,0,0,0,True
rslora_v4_ck150,26,3228,3693,,0,0,0,0,0,0,0,True
rslora_v4_ck150,27,1926,2237,,0,0,0,0,0,0,0,True
rslora_v4_ck150,28,1303,1336,,0,0,0,0,0,0,0,True
rslora_v4_ck150,29,1541,1627,,0,0,0,0,0,1,1,False
rslora_v4_ck150,30,2579,2704,,0,0,0,0,0,0,0,True
rslora_v4_ck150,31,1364,1633,,0,0,0,0,0,0,0,True
rslora_v4_ck150,32,817,817,,0,0,0,0,0,0,0,True
rslora_v4_ck150,33,2440,2440,,0,0,0,0,0,0,0,True
rslora_v4_ck150,34,1161,1428,,0,1,0,0,0,0,1,False
rslora_v4_ck150,35,567,573,,0,0,0,0,0,0,0,True
rslora_v4_ck150,36,2848,3013,,0,0,0,0,0,0,0,True
rslora_v4_ck150,37,955,1036,,0,0,0,0,0,0,0,True
rslora_v4_ck150,38,1257,1291,,0,0,0,0,0,0,0,True
rslora_v4_ck150,39,670,670,,0,0,0,0,0,0,0,True
rslora_v4_ck150,40,2019,2210,,0,0,0,0,0,0,0,True
rslora_v4_ck150,41,2732,2732,,0,0,0,0,0,0,0,True
rslora_v4_ck150,42,1993,2219,,0,0,0,0,0,0,0,True
rslora_v4_ck150,43,284,284,,0,0,0,0,0,0,0,True
rslora_v4_ck150,44,1289,1345,,0,0,0,0,0,0,0,True
rslora_v4_ck150,45,945,951,,0,0,0,0,0,0,0,True
rslora_v4_ck150,46,1921,2065,,0,0,0,0,0,0,0,True
rslora_v4_ck150,47,1664,1802,,0,0,0,0,0,0,0,True
rslora_v4_ck150,48,135,135,,0,0,0,0,0,0,0,True
rslora_v4_ck150,49,824,824,,0,0,0,0,0,0,0,True
rslora_v4_ck150,50,2367,5560,,0,176,22,85,24,13,320,False
rslora_v4_ck150,51,981,1045,,0,0,0,0,0,0,0,True
rslora_v4_ck150,52,2122,2797,,0,1,0,0,0,0,1,False
rslora_v4_ck150,53,694,694,,0,0,0,0,0,0,0,True
rslora_v4_ck150,54,1806,2159,,0,0,0,0,0,0,0,True
rslora_v4_ck150,55,143,159,,0,0,0,0,0,0,0,True
rslora_v4_ck150,56,2288,2481,,0,0,0,0,0,0,0,True
rslora_v4_ck150,57,592,606,,0,0,0,0,0,0,0,True
rslora_v4_ck150,58,198,221,,0,0,0,0,0,0,0,True
rslora_v4_ck150,59,586,607,,0,0,0,0,0,0,0,True
rslora_v4_ck150,60,165,165,,0,0,0,0,0,0,0,True
rslora_v4_ck150,61,164,164,,0,0,0,0,0,0,0,True
rslora_v4_ck150,62,1916,2135,,0,0,0,1,0,0,1,False
rslora_v4_ck150,63,496,503,,0,0,0,0,0,0,0,True
rslora_v4_ck150,64,1157,1157,,0,0,0,0,0,0,0,True
rslora_v4_ck150,65,2645,3026,,0,0,0,0,0,0,0,True
rslora_v4_ck150,66,1007,1007,,0,0,0,0,0,0,0,True
rslora_v4_ck150,67,716,750,,0,0,0,0,0,0,0,True
rslora_v4_ck150,68,872,5115,,0,201,0,9,6,0,216,False
rslora_v4_ck150,69,1286,1374,,0,2,0,0,0,1,3,False
rslora_v4_ck150,70,1834,1957,,0,0,0,0,0,0,0,True
rslora_v4_ck150,71,3031,3263,,0,0,0,0,0,0,0,True
rslora_v4_ck150,72,1869,2031,,0,0,0,0,0,0,0,True
rslora_v4_ck150,73,496,573,,0,0,0,0,0,0,0,True
rslora_v4_ck150,74,731,731,,0,0,0,0,0,0,0,True
rslora_v4_ck150,75,2569,2729,,0,0,0,0,0,0,0,True
rslora_v4_ck150,76,877,877,,0,0,0,0,0,0,0,True
rslora_v4_ck150,77,1879,2087,,0,0,0,0,0,0,0,True
rslora_v4_ck150,78,947,947,,0,0,0,0,0,0,0,True
rslora_v4_ck150,79,789,958,,0,2,0,0,0,0,2,False
rslora_v4_ck150,80,655,683,,0,0,0,0,0,0,0,True
rslora_v4_ck150,81,1314,1503,,0,0,0,0,0,0,0,True
rslora_v4_ck150,82,279,299,,0,0,0,0,0,0,0,True
rslora_v4_ck150,83,2281,2331,,0,0,0,0,0,0,0,True
rslora_v4_ck150,84,551,551,,0,0,0,0,0,0,0,True
rslora_v4_ck150,85,1807,1807,,0,0,0,0,0,0,0,True
rslora_v4_ck150,86,860,860,,0,0,0,0,0,0,0,True
rslora_v4_ck150,87,3023,3495,,0,0,0,0,0,0,0,True
rslora_v4_ck150,88,1125,1125,,0,0,0,0,0,0,0,True
rslora_v4_ck150,89,1806,1863,,0,0,0,0,0,0,0,True
rslora_v4_ck150,90,873,873,,0,0,0,0,0,0,0,True
rslora_v4_ck150,91,2023,2116,,0,0,0,0,0,0,0,True
rslora_v4_ck150,92,939,1084,,0,0,0,0,0,0,0,True
rslora_v4_ck150,93,328,328,,0,0,0,0,0,0,0,True
rslora_v4_ck150,94,519,547,,0,0,0,0,0,0,0,True
rslora_v4_ck150,95,193,193,,0,0,0,0,0,0,0,True
rslora_v4_ck150,96,72,72,,0,0,0,0,0,0,0,True
rslora_v4_ck150,97,419,419,,0,0,0,0,0,0,0,True
rslora_v4_ck150,98,499,566,,0,0,0,0,0,0,0,True
rslora_v4_ck150,99,1806,1806,,0,0,0,0,0,0,0,True
rslora_v4_ck150,100,1356,1356,,0,0,0,0,0,0,0,True
rslora_v4_ck150,101,536,559,,0,0,0,0,0,0,0,True
rslora_v4_ck150,102,987,987,,0,0,0,0,0,0,0,True
rslora_v4_ck150,103,2179,2565,,0,0,0,0,0,0,0,True
rslora_v4_ck150,104,1236,1309,,0,0,0,0,0,0,0,True
rslora_v4_ck150,105,2102,2168,,0,0,0,0,0,0,0,True
rslora_v4_ck150,106,1037,1037,,0,0,0,0,0,0,0,True
rslora_v4_ck150,107,1100,1161,,0,0,0,0,0,0,0,True
rslora_v4_ck150,108,2524,4891,,0,188,49,151,9,30,427,False
rslora_v4_ck150,109,562,562,,0,0,0,0,0,0,0,True
rslora_v4_ck150,110,1426,1426,,0,0,0,0,0,0,0,True
rslora_v4_ck150,111,59,59,,0,0,0,0,0,0,0,True
rslora_v4_ck150,112,2212,2517,,0,0,0,0,0,0,0,True
rslora_v4_ck150,113,1238,1238,,0,0,0,0,0,0,0,True
rslora_v4_ck150,114,992,1106,,0,0,0,0,0,0,0,True
rslora_v4_ck150,115,1663,1812,,0,0,0,0,0,0,0,True
rslora_v4_ck150,116,649,711,,0,0,0,0,0,0,0,True
rslora_v4_ck150,117,1539,1539,,0,0,0,0,0,0,0,True
rslora_v4_ck150,118,1347,1443,,0,0,0,0,0,0,0,True
rslora_v4_ck150,119,1834,1904,,0,0,0,0,0,0,0,True
rslora_v4_ck150,120,2392,2392,,0,0,0,0,0,0,0,True
rslora_v4_ck150,121,1218,1218,,0,0,0,0,0,0,0,True
rslora_v4_ck150,122,1534,1683,,0,0,0,0,0,0,0,True
rslora_v4_ck150,123,1404,1404,,0,0,0,0,0,0,0,True
rslora_v4_ck150,124,96,111,,0,0,0,0,0,0,0,True
rslora_v4_ck150,125,1082,1082,,0,0,0,0,0,0,0,True
rslora_v4_ck150,126,563,667,,0,0,0,0,0,0,0,True
rslora_v4_ck150,127,655,655,,0,0,0,0,0,0,0,True
rslora_v4_ck150,128,982,982,,0,0,0,0,0,0,0,True
rslora_v4_ck150,129,638,638,,0,0,0,0,0,0,0,True
rslora_v4_ck150,130,646,646,,0,0,0,0,0,0,0,True
rslora_v4_ck150,131,1110,1110,,0,0,0,0,0,0,0,True
rslora_v4_ck150,132,1385,1497,,0,0,0,0,0,0,0,True
rslora_v4_ck150,133,645,679,,0,0,0,0,0,0,0,True
rslora_v4_ck150,134,741,856,,0,0,0,0,0,0,0,True
rslora_v4_ck150,135,1895,1895,,0,0,0,0,0,0,0,True
rslora_v4_ck150,136,667,676,,0,0,0,0,0,0,0,True
rslora_v4_ck150,137,874,874,,0,0,0,0,0,0,0,True
rslora_v4_ck150,138,329,334,,0,0,0,0,0,0,0,True
rslora_v4_ck150,139,1882,2160,,0,0,0,0,0,0,0,True
rslora_v4_ck150,140,2525,2567,,0,0,0,0,0,0,0,True
rslora_v4_ck150,141,267,278,,0,0,0,0,0,0,0,True
rslora_v4_ck150,142,1214,1214,,0,0,0,0,0,0,0,True
rslora_v4_ck150,143,1267,1486,,0,0,0,0,0,0,0,True
rslora_v4_ck150,144,433,433,,0,0,0,0,0,0,0,True
rslora_v4_ck150,145,2043,2205,,0,0,0,0,0,0,0,True
rslora_v4_ck150,146,2021,2102,,0,0,0,0,0,0,0,True
rslora_v4_ck150,147,1672,1987,,0,0,0,0,0,0,0,True
rslora_v4_ck150,148,337,337,,0,0,0,0,0,0,0,True
rslora_v4_ck150,149,2140,2140,,0,0,0,0,0,0,0,True
rslora_v4_ck150,150,1577,1904,,0,0,0,0,0,0,0,True
rslora_v4_ck150,151,2704,3247,,0,0,0,0,0,0,0,True
rslora_v4_ck150,152,1667,1667,,0,0,0,0,0,0,0,True
rslora_v4_ck150,153,1143,1216,,0,0,0,0,0,0,0,True
rslora_v4_ck150,154,1329,1463,,0,0,0,0,0,0,0,True
rslora_v4_ck150,155,517,544,,0,0,0,0,0,0,0,True
rslora_v4_ck150,156,2335,2651,,0,0,0,1,0,0,1,False
rslora_v4_ck150,157,557,557,,0,0,0,0,0,0,0,True
rslora_v4_ck150,158,1455,1657,,0,0,0,1,0,0,1,False
rslora_v4_ck150,159,507,569,,0,0,0,0,0,0,0,True
rslora_v4_ck150,160,22,22,,0,0,0,0,0,0,0,True
rslora_v4_ck150,161,1549,1974,,0,0,0,0,0,0,0,True
rslora_v4_ck150,162,155,166,,0,0,0,0,0,0,0,True
rslora_v4_ck150,163,658,670,,0,0,0,0,0,0,0,True
rslora_v4_ck150,164,287,299,,0,0,0,0,0,0,0,True
rslora_v4_ck150,165,1178,1178,,0,0,0,0,0,0,0,True
rslora_v4_ck150,166,815,839,,0,0,0,0,0,0,0,True
rslora_v4_ck150,167,142,142,,0,0,0,0,0,0,0,True
rslora_v4_ck150,168,2328,2328,,0,0,0,0,0,0,0,True
rslora_v4_ck150,169,2515,2515,,0,0,0,0,0,0,0,True
rslora_v4_ck150,170,1699,1699,,0,0,0,0,0,0,0,True
rslora_v4_ck150,171,1405,1469,,0,0,0,0,0,0,0,True
rslora_v4_ck150,172,1261,1440,,0,0,0,0,0,0,0,True
rslora_v4_ck150,173,788,788,,0,0,0,0,0,0,0,True
rslora_v4_ck150,174,1484,1562,,0,0,0,0,0,0,0,True
rslora_v4_ck150,175,2098,2230,,0,0,0,0,0,0,0,True
rslora_v4_ck150,176,895,957,,0,0,0,0,0,0,0,True
rslora_v4_ck150,177,1529,1768,,0,0,0,0,0,0,0,True
rslora_v4_ck150,178,1381,1472,,0,0,0,0,0,0,0,True
rslora_v4_ck150,179,3033,3647,,0,0,0,0,0,0,0,True
rslora_v4_ck150,180,1068,1068,,0,0,0,0,0,0,0,True
rslora_v4_ck150,181,265,282,,0,0,0,0,0,0,0,True
rslora_v4_ck150,182,2309,2309,,0,0,0,0,0,0,0,True
rslora_v4_ck150,183,490,517,,0,0,0,0,0,0,0,True
rslora_v4_ck150,184,383,385,,0,0,0,0,0,0,0,True
rslora_v4_ck150,185,140,143,,0,0,0,0,0,0,0,True
rslora_v4_ck150,186,1599,1826,,0,0,0,0,0,0,0,True
rslora_v4_ck150,187,829,859,,0,0,0,0,0,0,0,True
rslora_v4_ck150,188,1564,1754,,0,0,0,0,0,0,0,True
rslora_v4_ck150,189,1682,1834,,0,0,0,0,0,0,0,True
rslora_v4_ck150,190,1375,1400,,0,0,0,0,0,0,0,True
rslora_v4_ck150,191,817,934,,0,0,0,0,0,0,0,True
rslora_v4_ck150,192,1458,1576,,0,0,0,0,0,0,0,True
rslora_v4_ck150,193,543,543,,0,0,0,0,0,0,0,True
rslora_v4_ck150,194,1121,1121,,0,0,0,0,0,0,0,True
rslora_v4_ck150,195,1243,1545,,0,0,0,0,0,0,0,True
rslora_v4_ck150,196,861,878,,0,0,0,0,0,0,0,True
rslora_v4_ck150,197,360,403,,0,0,0,0,0,0,0,True
rslora_v4_ck150,198,2965,3304,,1,0,2,0,1,0,4,False
rslora_v4_ck150,199,431,475,,0,0,0,0,0,0,0,True
rslora_v4_ck200,0,1972,2061,,0,0,0,0,0,0,0,True
rslora_v4_ck200,1,120,120,,0,0,0,0,0,0,0,True
rslora_v4_ck200,2,76,76,,0,0,0,0,0,0,0,True
rslora_v4_ck200,3,2320,2320,,0,0,0,0,0,0,0,True
rslora_v4_ck200,4,2464,2464,,0,0,0,0,0,0,0,True
rslora_v4_ck200,5,1165,1357,,0,0,0,0,0,0,0,True
rslora_v4_ck200,6,1160,1205,,0,0,0,0,0,0,0,True
rslora_v4_ck200,7,673,673,,0,0,0,0,0,0,0,True
rslora_v4_ck200,8,1335,1404,,0,0,0,0,0,0,0,True
rslora_v4_ck200,9,90,100,,0,0,0,0,0,0,0,True
rslora_v4_ck200,10,939,1002,,0,0,0,0,0,0,0,True
rslora_v4_ck200,11,741,741,,0,0,0,0,0,0,0,True
rslora_v4_ck200,12,92,92,,0,0,0,0,0,0,0,True
rslora_v4_ck200,13,4009,4465,,0,0,0,0,0,0,0,True
rslora_v4_ck200,14,1258,1342,,0,0,0,0,0,0,0,True
rslora_v4_ck200,15,1290,1390,,0,0,0,0,0,0,0,True
rslora_v4_ck200,16,1715,1921,,0,0,0,0,0,0,0,True
rslora_v4_ck200,17,1913,1913,,0,0,0,0,0,0,0,True
rslora_v4_ck200,18,571,571,,0,0,0,0,0,0,0,True
rslora_v4_ck200,19,2377,2377,,0,0,0,0,0,0,0,True
rslora_v4_ck200,20,1375,1375,,0,0,0,0,0,0,0,True
rslora_v4_ck200,21,1166,1166,,0,0,0,0,0,0,0,True
rslora_v4_ck200,22,2331,2640,,0,0,0,0,0,0,0,True
rslora_v4_ck200,23,1641,1679,,0,0,0,0,0,0,0,True
rslora_v4_ck200,24,868,868,,0,0,0,0,0,0,0,True
rslora_v4_ck200,25,1462,1462,,0,0,0,0,0,0,0,True
rslora_v4_ck200,26,3228,3651,,0,0,0,0,0,0,0,True
rslora_v4_ck200,27,1926,2256,,0,0,0,0,0,0,0,True
rslora_v4_ck200,28,1303,1336,,0,0,0,0,0,0,0,True
rslora_v4_ck200,29,1541,1629,,0,0,0,0,0,0,0,True
rslora_v4_ck200,30,2579,2704,,0,0,0,0,0,0,0,True
rslora_v4_ck200,31,1364,1633,,0,0,0,0,0,0,0,True
rslora_v4_ck200,32,817,817,,0,0,0,0,0,0,0,True
rslora_v4_ck200,33,2440,2440,,0,0,0,0,0,0,0,True
rslora_v4_ck200,34,1161,1331,,0,0,0,0,0,0,0,True
rslora_v4_ck200,35,567,573,,0,0,0,0,0,0,0,True
rslora_v4_ck200,36,2848,3009,,0,0,0,0,0,0,0,True
rslora_v4_ck200,37,955,1036,,0,0,0,0,0,0,0,True
rslora_v4_ck200,38,1257,1291,,0,0,0,0,0,0,0,True
rslora_v4_ck200,39,670,670,,0,0,0,0,0,0,0,True
rslora_v4_ck200,40,2019,2210,,0,0,0,0,0,0,0,True
rslora_v4_ck200,41,2732,2732,,0,0,0,0,0,0,0,True
rslora_v4_ck200,42,1993,2219,,0,0,0,0,0,0,0,True
rslora_v4_ck200,43,284,284,,0,0,0,0,0,0,0,True
rslora_v4_ck200,44,1289,1345,,0,0,0,0,0,0,0,True
rslora_v4_ck200,45,945,951,,0,0,0,0,0,0,0,True
rslora_v4_ck200,46,1921,2065,,0,0,0,0,0,0,0,True
rslora_v4_ck200,47,1664,1777,,0,0,0,0,0,0,0,True
rslora_v4_ck200,48,135,135,,0,0,0,0,0,0,0,True
rslora_v4_ck200,49,824,824,,0,0,0,0,0,0,0,True
rslora_v4_ck200,50,2367,4383,,0,189,21,111,11,13,345,False
rslora_v4_ck200,51,981,1039,,0,0,0,0,0,0,0,True
rslora_v4_ck200,52,2122,2308,,0,0,0,0,0,0,0,True
rslora_v4_ck200,53,694,694,,0,0,0,0,0,0,0,True
rslora_v4_ck200,54,1806,2016,,0,0,0,0,0,0,0,True
rslora_v4_ck200,55,143,165,,0,0,0,0,0,0,0,True
rslora_v4_ck200,56,2288,2587,,0,0,0,0,0,0,0,True
rslora_v4_ck200,57,592,610,,0,0,0,0,0,0,0,True
rslora_v4_ck200,58,198,216,,0,0,0,0,0,0,0,True
rslora_v4_ck200,59,586,607,,0,0,0,0,0,0,0,True
rslora_v4_ck200,60,165,165,,0,0,0,0,0,0,0,True
rslora_v4_ck200,61,164,164,,0,0,0,0,0,0,0,True
rslora_v4_ck200,62,1916,2135,,0,0,0,1,0,0,1,False
rslora_v4_ck200,63,496,503,,0,0,0,0,0,0,0,True
rslora_v4_ck200,64,1157,1157,,0,0,0,0,0,0,0,True
rslora_v4_ck200,65,2645,2892,,0,0,0,0,0,0,0,True
rslora_v4_ck200,66,1007,1007,,0,0,0,0,0,0,0,True
rslora_v4_ck200,67,716,750,,0,0,0,0,0,0,0,True
rslora_v4_ck200,68,872,4287,,0,196,2,8,10,0,216,False
rslora_v4_ck200,69,1286,4883,,0,193,2,62,9,0,266,False
rslora_v4_ck200,70,1834,2086,,0,0,0,0,0,0,0,True
rslora_v4_ck200,71,3031,3294,,0,0,0,0,0,0,0,True
rslora_v4_ck200,72,1869,2159,,0,0,0,0,0,0,0,True
rslora_v4_ck200,73,496,612,,0,0,0,0,0,0,0,True
rslora_v4_ck200,74,731,731,,0,0,0,0,0,0,0,True
rslora_v4_ck200,75,2569,2729,,0,0,0,0,0,0,0,True
rslora_v4_ck200,76,877,877,,0,0,0,0,0,0,0,True
rslora_v4_ck200,77,1879,2033,,0,0,0,0,0,0,0,True
rslora_v4_ck200,78,947,1046,,0,0,0,0,0,0,0,True
rslora_v4_ck200,79,789,884,,0,0,0,0,0,0,0,True
rslora_v4_ck200,80,655,683,,0,0,0,0,0,0,0,True
rslora_v4_ck200,81,1314,1387,,0,0,0,0,0,0,0,True
rslora_v4_ck200,82,279,315,,0,0,0,0,0,0,0,True
rslora_v4_ck200,83,2281,2331,,0,0,0,0,0,0,0,True
rslora_v4_ck200,84,551,551,,0,0,0,0,0,0,0,True
rslora_v4_ck200,85,1807,1807,,0,0,0,0,0,0,0,True
rslora_v4_ck200,86,860,860,,0,0,0,0,0,0,0,True
rslora_v4_ck200,87,3023,3495,,0,0,0,0,0,0,0,True
rslora_v4_ck200,88,1125,1125,,0,0,0,0,0,0,0,True
rslora_v4_ck200,89,1806,1806,,0,0,0,0,0,0,0,True
rslora_v4_ck200,90,873,873,,0,0,0,0,0,0,0,True
rslora_v4_ck200,91,2023,2116,,0,0,0,0,0,0,0,True
rslora_v4_ck200,92,939,1084,,0,0,0,0,0,0,0,True
rslora_v4_ck200,93,328,328,,0,0,0,0,0,0,0,True
rslora_v4_ck200,94,519,547,,0,0,0,0,0,0,0,True
rslora_v4_ck200,95,193,193,,0,0,0,0,0,0,0,True
rslora_v4_ck200,96,72,72,,0,0,0,0,0,0,0,True
rslora_v4_ck200,97,419,419,,0,0,0,0,0,0,0,True
rslora_v4_ck200,98,499,566,,0,0,0,0,0,0,0,True
rslora_v4_ck200,99,1806,1806,,0,0,0,0,0,0,0,True
rslora_v4_ck200,100,1356,1356,,0,0,0,0,0,0,0,True
rslora_v4_ck200,101,536,559,,0,0,0,0,0,0,0,True
rslora_v4_ck200,102,987,987,,0,0,0,0,0,0,0,True
rslora_v4_ck200,103,2179,2733,,0,0,0,0,0,0,0,True
rslora_v4_ck200,104,1236,1309,,0,0,0,0,0,0,0,True
rslora_v4_ck200,105,2102,2168,,0,0,0,0,0,0,0,True
rslora_v4_ck200,106,1037,1037,,0,0,0,0,0,0,0,True
rslora_v4_ck200,107,1100,1148,,0,0,0,0,0,0,0,True
rslora_v4_ck200,108,2524,2991,,1,4,0,0,0,0,5,False
rslora_v4_ck200,109,562,562,,0,0,0,0,0,0,0,True
rslora_v4_ck200,110,1426,1426,,0,0,0,0,0,0,0,True
rslora_v4_ck200,111,59,59,,0,0,0,0,0,0,0,True
rslora_v4_ck200,112,2212,3327,,0,6,0,0,0,0,6,False
rslora_v4_ck200,113,1238,1238,,0,0,0,0,0,0,0,True
rslora_v4_ck200,114,992,1048,,0,0,0,0,0,0,0,True
rslora_v4_ck200,115,1663,1663,,0,0,0,0,0,0,0,True
rslora_v4_ck200,116,649,755,,0,0,0,0,0,0,0,True
rslora_v4_ck200,117,1539,1539,,0,0,0,0,0,0,0,True
rslora_v4_ck200,118,1347,1443,,0,0,0,0,0,0,0,True
rslora_v4_ck200,119,1834,1904,,0,0,0,0,0,0,0,True
rslora_v4_ck200,120,2392,2392,,0,0,0,0,0,0,0,True
rslora_v4_ck200,121,1218,1218,,0,0,0,0,0,0,0,True
rslora_v4_ck200,122,1534,1693,,0,0,0,0,0,0,0,True
rslora_v4_ck200,123,1404,1404,,0,0,0,0,0,0,0,True
rslora_v4_ck200,124,96,111,,0,0,0,0,0,0,0,True
rslora_v4_ck200,125,1082,1082,,0,0,0,0,0,0,0,True
rslora_v4_ck200,126,563,610,,0,0,0,0,0,0,0,True
rslora_v4_ck200,127,655,655,,0,0,0,0,0,0,0,True
rslora_v4_ck200,128,982,982,,0,0,0,0,0,0,0,True
rslora_v4_ck200,129,638,638,,0,0,0,0,0,0,0,True
rslora_v4_ck200,130,646,646,,0,0,0,0,0,0,0,True
rslora_v4_ck200,131,1110,1110,,0,0,0,0,0,0,0,True
rslora_v4_ck200,132,1385,1497,,0,0,0,0,0,0,0,True
rslora_v4_ck200,133,645,679,,0,0,0,0,0,0,0,True
rslora_v4_ck200,134,741,856,,0,0,0,0,0,0,0,True
rslora_v4_ck200,135,1895,1972,,0,0,0,0,0,0,0,True
rslora_v4_ck200,136,667,676,,0,0,0,0,0,0,0,True
rslora_v4_ck200,137,874,874,,0,0,0,0,0,0,0,True
rslora_v4_ck200,138,329,334,,0,0,0,0,0,0,0,True
rslora_v4_ck200,139,1882,1954,,0,0,0,0,0,0,0,True
rslora_v4_ck200,140,2525,2767,,0,0,0,0,0,0,0,True
rslora_v4_ck200,141,267,275,,0,0,0,0,0,0,0,True
rslora_v4_ck200,142,1214,1214,,0,0,0,0,0,0,0,True
rslora_v4_ck200,143,1267,1517,,0,0,0,0,0,0,0,True
rslora_v4_ck200,144,433,433,,0,0,0,0,0,0,0,True
rslora_v4_ck200,145,2043,2205,,0,0,0,0,0,0,0,True
rslora_v4_ck200,146,2021,2102,,0,0,0,0,0,0,0,True
rslora_v4_ck200,147,1672,1980,,0,0,0,0,0,0,0,True
rslora_v4_ck200,148,337,337,,0,0,0,0,0,0,0,True
rslora_v4_ck200,149,2140,2140,,0,0,0,0,0,0,0,True
rslora_v4_ck200,150,1577,1904,,0,0,0,0,0,0,0,True
rslora_v4_ck200,151,2704,2842,,0,0,0,0,0,0,0,True
rslora_v4_ck200,152,1667,1667,,0,0,0,0,0,0,0,True
rslora_v4_ck200,153,1143,1216,,0,0,0,0,0,0,0,True
rslora_v4_ck200,154,1329,1463,,0,0,0,0,0,0,0,True
rslora_v4_ck200,155,517,544,,0,0,0,0,0,0,0,True
rslora_v4_ck200,156,2335,2651,,0,0,0,1,0,0,1,False
rslora_v4_ck200,157,557,557,,0,0,0,0,0,0,0,True
rslora_v4_ck200,158,1455,1561,,0,0,0,0,0,0,0,True
rslora_v4_ck200,159,507,569,,0,0,0,0,0,0,0,True
rslora_v4_ck200,160,22,22,,0,0,0,0,0,0,0,True
rslora_v4_ck200,161,1549,1699,,0,0,0,0,0,0,0,True
rslora_v4_ck200,162,155,181,,0,0,0,0,0,0,0,True
rslora_v4_ck200,163,658,670,,0,0,0,0,0,0,0,True
rslora_v4_ck200,164,287,299,,0,0,0,0,0,0,0,True
rslora_v4_ck200,165,1178,1178,,0,0,0,0,0,0,0,True
rslora_v4_ck200,166,815,839,,0,0,0,0,0,0,0,True
rslora_v4_ck200,167,142,142,,0,0,0,0,0,0,0,True
rslora_v4_ck200,168,2328,2328,,0,0,0,0,0,0,0,True
rslora_v4_ck200,169,2515,2515,,0,0,0,0,0,0,0,True
rslora_v4_ck200,170,1699,1699,,0,0,0,0,0,0,0,True
rslora_v4_ck200,171,1405,1463,,0,0,0,0,0,0,0,True
rslora_v4_ck200,172,1261,1440,,0,0,0,0,0,0,0,True
rslora_v4_ck200,173,788,788,,0,0,0,0,0,0,0,True
rslora_v4_ck200,174,1484,1562,,0,0,0,0,0,0,0,True
rslora_v4_ck200,175,2098,2305,,0,0,0,0,0,0,0,True
rslora_v4_ck200,176,895,957,,0,0,0,0,0,0,0,True
rslora_v4_ck200,177,1529,1768,,0,0,0,0,0,0,0,True
rslora_v4_ck200,178,1381,1472,,0,0,0,0,0,0,0,True
rslora_v4_ck200,179,3033,3407,,0,0,0,0,0,0,0,True
rslora_v4_ck200,180,1068,1068,,0,0,0,0,0,0,0,True
rslora_v4_ck200,181,265,282,,0,0,0,0,0,0,0,True
rslora_v4_ck200,182,2309,2309,,0,0,0,0,0,0,0,True
rslora_v4_ck200,183,490,522,,0,0,0,0,0,0,0,True
rslora_v4_ck200,184,383,385,,0,0,0,0,0,0,0,True
rslora_v4_ck200,185,140,140,,0,0,0,0,0,0,0,True
rslora_v4_ck200,186,1599,1921,,0,0,0,0,0,0,0,True
rslora_v4_ck200,187,829,859,,0,0,0,0,0,0,0,True
rslora_v4_ck200,188,1564,1656,,0,0,0,0,0,0,0,True
rslora_v4_ck200,189,1682,1824,,0,0,0,0,0,0,0,True
rslora_v4_ck200,190,1375,1400,,0,0,0,0,0,0,0,True
rslora_v4_ck200,191,817,934,,0,0,0,0,0,0,0,True
rslora_v4_ck200,192,1458,1544,,0,0,0,0,0,0,0,True
rslora_v4_ck200,193,543,543,,0,0,0,0,0,0,0,True
rslora_v4_ck200,194,1121,1121,,0,0,0,0,0,0,0,True
rslora_v4_ck200,195,1243,1404,,0,0,0,0,0,0,0,True
rslora_v4_ck200,196,861,878,,0,0,0,0,0,0,0,True
rslora_v4_ck200,197,360,403,,0,0,0,0,0,0,0,True
rslora_v4_ck200,198,2965,3304,,1,0,2,0,1,0,4,False
rslora_v4_ck200,199,431,475,,0,0,0,0,0,0,0,True
rslora_v4_ck250,0,1972,2061,,0,0,0,0,0,0,0,True
rslora_v4_ck250,1,120,120,,0,0,0,0,0,0,0,True
rslora_v4_ck250,2,76,76,,0,0,0,0,0,0,0,True
rslora_v4_ck250,3,2320,2320,,0,0,0,0,0,0,0,True
rslora_v4_ck250,4,2464,2539,,0,0,0,0,0,0,0,True
rslora_v4_ck250,5,1165,1357,,0,0,0,0,0,0,0,True
rslora_v4_ck250,6,1160,1258,,0,0,0,0,0,0,0,True
rslora_v4_ck250,7,673,673,,0,0,0,0,0,0,0,True
rslora_v4_ck250,8,1335,1366,,0,0,0,0,0,0,0,True
rslora_v4_ck250,9,90,105,,0,0,0,0,0,0,0,True
rslora_v4_ck250,10,939,939,,0,0,0,0,0,0,0,True
rslora_v4_ck250,11,741,741,,0,0,0,0,0,0,0,True
rslora_v4_ck250,12,92,92,,0,0,0,0,0,0,0,True
rslora_v4_ck250,13,4009,4496,,3,2,4,0,3,1,13,False
rslora_v4_ck250,14,1258,1342,,0,0,0,0,0,0,0,True
rslora_v4_ck250,15,1290,1290,,0,0,0,0,0,0,0,True
rslora_v4_ck250,16,1715,1921,,0,0,0,0,0,0,0,True
rslora_v4_ck250,17,1913,1913,,0,0,0,0,0,0,0,True
rslora_v4_ck250,18,571,571,,0,0,0,0,0,0,0,True
rslora_v4_ck250,19,2377,2377,,0,0,0,0,0,0,0,True
rslora_v4_ck250,20,1375,1375,,0,0,0,0,0,0,0,True
rslora_v4_ck250,21,1166,1166,,0,0,0,0,0,0,0,True
rslora_v4_ck250,22,2331,2938,,0,1,0,0,0,0,1,False
rslora_v4_ck250,23,1641,1679,,0,0,0,0,0,0,0,True
rslora_v4_ck250,24,868,868,,0,0,0,0,0,0,0,True
rslora_v4_ck250,25,1462,1462,,0,0,0,0,0,0,0,True
rslora_v4_ck250,26,3228,3871,,0,0,0,0,0,0,0,True
rslora_v4_ck250,27,1926,2256,,0,0,0,0,0,0,0,True
rslora_v4_ck250,28,1303,1336,,0,0,0,0,0,0,0,True
rslora_v4_ck250,29,1541,1933,,0,0,0,0,0,0,0,True
rslora_v4_ck250,30,2579,2782,,0,0,0,0,0,0,0,True
rslora_v4_ck250,31,1364,1633,,0,0,0,0,0,0,0,True
rslora_v4_ck250,32,817,822,,0,0,0,0,0,0,0,True
rslora_v4_ck250,33,2440,2440,,0,0,0,0,0,0,0,True
rslora_v4_ck250,34,1161,1240,,2,0,0,0,0,0,2,False
rslora_v4_ck250,35,567,573,,0,0,0,0,0,0,0,True
rslora_v4_ck250,36,2848,3009,,0,0,0,0,0,0,0,True
rslora_v4_ck250,37,955,1036,,0,0,0,0,0,0,0,True
rslora_v4_ck250,38,1257,1472,,0,0,0,0,0,0,0,True
rslora_v4_ck250,39,670,670,,0,0,0,0,0,0,0,True
rslora_v4_ck250,40,2019,2210,,0,0,0,0,0,0,0,True
rslora_v4_ck250,41,2732,2732,,0,0,0,0,0,0,0,True
rslora_v4_ck250,42,1993,2084,,0,0,0,0,0,0,0,True
rslora_v4_ck250,43,284,284,,0,0,0,0,0,0,0,True
rslora_v4_ck250,44,1289,1345,,0,0,0,0,0,0,0,True
rslora_v4_ck250,45,945,951,,0,0,0,0,0,0,0,True
rslora_v4_ck250,46,1921,2065,,0,0,0,0,0,0,0,True
rslora_v4_ck250,47,1664,1777,,0,0,0,0,0,0,0,True
rslora_v4_ck250,48,135,135,,0,0,0,0,0,0,0,True
rslora_v4_ck250,49,824,824,,0,0,0,0,0,0,0,True
rslora_v4_ck250,50,2367,4438,,0,189,32,102,10,12,345,False
rslora_v4_ck250,51,981,1045,,0,0,0,0,0,0,0,True
rslora_v4_ck250,52,2122,2384,,0,3,0,0,0,0,3,False
rslora_v4_ck250,53,694,694,,0,0,0,0,0,0,0,True
rslora_v4_ck250,54,1806,2159,,0,0,0,0,0,0,0,True
rslora_v4_ck250,55,143,168,,0,0,0,0,0,0,0,True
rslora_v4_ck250,56,2288,2709,,0,0,0,1,0,0,1,False
rslora_v4_ck250,57,592,610,,0,0,0,0,0,0,0,True
rslora_v4_ck250,58,198,214,,0,0,0,0,0,0,0,True
rslora_v4_ck250,59,586,607,,0,0,0,0,0,0,0,True
rslora_v4_ck250,60,165,165,,0,0,0,0,0,0,0,True
rslora_v4_ck250,61,164,164,,0,0,0,0,0,0,0,True
rslora_v4_ck250,62,1916,2087,,0,0,0,0,0,0,0,True
rslora_v4_ck250,63,496,503,,0,0,0,0,0,0,0,True
rslora_v4_ck250,64,1157,1157,,0,0,0,0,0,0,0,True
rslora_v4_ck250,65,2645,3105,,0,0,0,0,0,0,0,True
rslora_v4_ck250,66,1007,1007,,0,0,0,0,0,0,0,True
rslora_v4_ck250,67,716,750,,0,0,0,0,0,0,0,True
rslora_v4_ck250,68,872,1111,,0,1,0,0,0,0,1,False
rslora_v4_ck250,69,1286,1435,,0,2,0,0,0,0,2,False
rslora_v4_ck250,70,1834,1957,,0,0,0,0,0,0,0,True
rslora_v4_ck250,71,3031,3294,,0,0,0,0,0,0,0,True
rslora_v4_ck250,72,1869,1929,,0,0,0,0,0,0,0,True
rslora_v4_ck250,73,496,612,,0,0,0,0,0,0,0,True
rslora_v4_ck250,74,731,731,,0,0,0,0,0,0,0,True
rslora_v4_ck250,75,2569,2731,,0,0,0,0,0,0,0,True
rslora_v4_ck250,76,877,877,,0,0,0,0,0,0,0,True
rslora_v4_ck250,77,1879,1966,,0,0,0,0,0,0,0,True
rslora_v4_ck250,78,947,1046,,0,0,0,0,0,0,0,True
rslora_v4_ck250,79,789,849,,0,0,0,0,0,0,0,True
rslora_v4_ck250,80,655,683,,0,0,0,0,0,0,0,True
rslora_v4_ck250,81,1314,1503,,0,0,0,0,0,0,0,True
rslora_v4_ck250,82,279,299,,0,0,0,0,0,0,0,True
rslora_v4_ck250,83,2281,2281,,0,0,0,0,0,0,0,True
rslora_v4_ck250,84,551,551,,0,0,0,0,0,0,0,True
rslora_v4_ck250,85,1807,1807,,0,0,0,0,0,0,0,True
rslora_v4_ck250,86,860,860,,0,0,0,0,0,0,0,True
rslora_v4_ck250,87,3023,3497,,0,0,0,0,0,0,0,True
rslora_v4_ck250,88,1125,1125,,0,0,0,0,0,0,0,True
rslora_v4_ck250,89,1806,1806,,0,0,0,0,0,0,0,True
rslora_v4_ck250,90,873,873,,0,0,0,0,0,0,0,True
rslora_v4_ck250,91,2023,2116,,0,0,0,0,0,0,0,True
rslora_v4_ck250,92,939,1084,,0,0,0,0,0,0,0,True
rslora_v4_ck250,93,328,328,,0,0,0,1,0,0,1,False
rslora_v4_ck250,94,519,547,,0,0,0,0,0,0,0,True
rslora_v4_ck250,95,193,193,,0,0,0,0,0,0,0,True
rslora_v4_ck250,96,72,72,,0,0,0,0,0,0,0,True
rslora_v4_ck250,97,419,419,,0,0,0,0,0,0,0,True
rslora_v4_ck250,98,499,566,,0,0,0,0,0,0,0,True
rslora_v4_ck250,99,1806,1806,,0,0,0,0,0,0,0,True
rslora_v4_ck250,100,1356,1356,,0,0,0,0,0,0,0,True
rslora_v4_ck250,101,536,559,,0,0,0,0,0,0,0,True
rslora_v4_ck250,102,987,987,,0,0,0,0,0,0,0,True
rslora_v4_ck250,103,2179,2733,,0,0,0,0,0,0,0,True
rslora_v4_ck250,104,1236,1309,,0,0,0,0,0,0,0,True
rslora_v4_ck250,105,2102,2168,,0,0,0,0,0,0,0,True
rslora_v4_ck250,106,1037,1037,,0,0,0,0,0,0,0,True
rslora_v4_ck250,107,1100,1148,,0,0,0,0,0,0,0,True
rslora_v4_ck250,108,2524,4406,,0,183,47,130,13,25,398,False
rslora_v4_ck250,109,562,562,,0,0,0,0,0,0,0,True
rslora_v4_ck250,110,1426,1426,,0,0,0,0,0,0,0,True
rslora_v4_ck250,111,59,59,,0,0,0,0,0,0,0,True
rslora_v4_ck250,112,2212,2433,,0,0,0,0,0,0,0,True
rslora_v4_ck250,113,1238,1238,,0,0,0,0,0,0,0,True
rslora_v4_ck250,114,992,1068,,0,0,0,0,0,0,0,True
rslora_v4_ck250,115,1663,1820,,0,0,0,0,0,0,0,True
rslora_v4_ck250,116,649,736,,0,0,0,0,0,0,0,True
rslora_v4_ck250,117,1539,1539,,0,0,0,0,0,0,0,True
rslora_v4_ck250,118,1347,1443,,0,0,0,0,0,0,0,True
rslora_v4_ck250,119,1834,1904,,0,0,0,0,0,0,0,True
rslora_v4_ck250,120,2392,2392,,0,0,0,0,0,0,0,True
rslora_v4_ck250,121,1218,1218,,0,0,0,0,0,0,0,True
rslora_v4_ck250,122,1534,1693,,0,0,0,0,0,0,0,True
rslora_v4_ck250,123,1404,1404,,0,0,0,0,0,0,0,True
rslora_v4_ck250,124,96,111,,0,0,0,0,0,0,0,True
rslora_v4_ck250,125,1082,1082,,0,0,0,0,0,0,0,True
rslora_v4_ck250,126,563,589,,0,0,0,0,0,0,0,True
rslora_v4_ck250,127,655,655,,0,0,0,0,0,0,0,True
rslora_v4_ck250,128,982,982,,0,0,0,0,0,0,0,True
rslora_v4_ck250,129,638,638,,0,0,0,0,0,0,0,True
rslora_v4_ck250,130,646,646,,0,0,0,0,0,0,0,True
rslora_v4_ck250,131,1110,1110,,0,0,0,0,0,0,0,True
rslora_v4_ck250,132,1385,1566,,0,0,0,0,0,0,0,True
rslora_v4_ck250,133,645,682,,0,0,0,0,0,0,0,True
rslora_v4_ck250,134,741,876,,0,0,0,0,0,1,1,False
rslora_v4_ck250,135,1895,1972,,0,0,0,0,0,0,0,True
rslora_v4_ck250,136,667,676,,0,0,0,0,0,0,0,True
rslora_v4_ck250,137,874,874,,0,0,0,0,0,0,0,True
rslora_v4_ck250,138,329,329,,0,0,0,0,0,0,0,True
rslora_v4_ck250,139,1882,1954,,0,0,0,0,0,0,0,True
rslora_v4_ck250,140,2525,2782,,0,0,0,0,0,0,0,True
rslora_v4_ck250,141,267,275,,0,0,0,0,0,0,0,True
rslora_v4_ck250,142,1214,1214,,0,0,0,0,0,0,0,True
rslora_v4_ck250,143,1267,1466,,0,0,0,0,0,0,0,True
rslora_v4_ck250,144,433,433,,0,0,0,0,0,0,0,True
rslora_v4_ck250,145,2043,2205,,0,0,0,0,0,0,0,True
rslora_v4_ck250,146,2021,2333,,0,0,0,0,0,0,0,True
rslora_v4_ck250,147,1672,1768,,0,0,0,0,0,0,0,True
rslora_v4_ck250,148,337,337,,0,0,0,0,0,0,0,True
rslora_v4_ck250,149,2140,2140,,0,0,0,0,0,0,0,True
rslora_v4_ck250,150,1577,1904,,0,0,0,0,0,0,0,True
rslora_v4_ck250,151,2704,3247,,0,0,0,0,0,0,0,True
rslora_v4_ck250,152,1667,1667,,0,0,0,0,0,0,0,True
rslora_v4_ck250,153,1143,1216,,0,0,0,0,0,0,0,True
rslora_v4_ck250,154,1329,1463,,0,0,0,0,0,0,0,True
rslora_v4_ck250,155,517,544,,0,0,0,0,0,1,1,False
rslora_v4_ck250,156,2335,2560,,0,0,0,0,0,0,0,True
rslora_v4_ck250,157,557,557,,0,0,0,0,0,0,0,True
rslora_v4_ck250,158,1455,1586,,0,0,0,0,0,0,0,True
rslora_v4_ck250,159,507,569,,0,0,0,0,0,0,0,True
rslora_v4_ck250,160,22,22,,0,0,0,0,0,0,0,True
rslora_v4_ck250,161,1549,1739,,0,0,0,0,0,0,0,True
rslora_v4_ck250,162,155,186,,0,2,0,0,0,0,2,False
rslora_v4_ck250,163,658,790,,0,0,0,0,0,0,0,True
rslora_v4_ck250,164,287,299,,0,0,0,0,0,0,0,True
rslora_v4_ck250,165,1178,1178,,0,0,0,0,0,0,0,True
rslora_v4_ck250,166,815,839,,0,0,0,0,0,0,0,True
rslora_v4_ck250,167,142,142,,0,0,0,0,0,0,0,True
rslora_v4_ck250,168,2328,2328,,0,0,0,0,0,0,0,True
rslora_v4_ck250,169,2515,2515,,0,0,0,0,0,0,0,True
rslora_v4_ck250,170,1699,1699,,0,0,0,0,0,0,0,True
rslora_v4_ck250,171,1405,1488,,0,0,0,0,0,0,0,True
rslora_v4_ck250,172,1261,1440,,0,0,0,0,0,0,0,True
rslora_v4_ck250,173,788,788,,0,0,0,0,0,0,0,True
rslora_v4_ck250,174,1484,1562,,0,0,0,0,0,0,0,True
rslora_v4_ck250,175,2098,2248,,0,0,0,0,0,0,0,True
rslora_v4_ck250,176,895,957,,0,0,0,0,0,0,0,True
rslora_v4_ck250,177,1529,1715,,0,0,0,0,0,0,0,True
rslora_v4_ck250,178,1381,1434,,0,0,0,0,0,0,0,True
rslora_v4_ck250,179,3033,3508,,0,0,0,0,0,0,0,True
rslora_v4_ck250,180,1068,1068,,0,0,0,0,0,0,0,True
rslora_v4_ck250,181,265,267,,0,0,0,0,0,0,0,True
rslora_v4_ck250,182,2309,2309,,0,0,0,0,0,0,0,True
rslora_v4_ck250,183,490,522,,0,0,0,0,0,0,0,True
rslora_v4_ck250,184,383,383,,0,0,0,0,0,0,0,True
rslora_v4_ck250,185,140,140,,0,0,0,0,0,0,0,True
rslora_v4_ck250,186,1599,1952,,0,0,0,0,0,0,0,True
rslora_v4_ck250,187,829,859,,0,0,0,0,0,0,0,True
rslora_v4_ck250,188,1564,1656,,0,0,0,0,0,0,0,True
rslora_v4_ck250,189,1682,1824,,0,0,0,0,0,0,0,True
rslora_v4_ck250,190,1375,1539,,0,0,0,0,0,0,0,True
rslora_v4_ck250,191,817,934,,0,0,0,0,0,0,0,True
rslora_v4_ck250,192,1458,1579,,0,0,0,0,0,0,0,True
rslora_v4_ck250,193,543,543,,0,0,0,0,0,0,0,True
rslora_v4_ck250,194,1121,1121,,0,0,0,0,0,0,0,True
rslora_v4_ck250,195,1243,1448,,0,0,0,0,0,0,0,True
rslora_v4_ck250,196,861,878,,0,0,0,0,0,0,0,True
rslora_v4_ck250,197,360,385,,0,0,0,0,0,0,0,True
rslora_v4_ck250,198,2965,3304,,1,0,2,0,1,0,4,False
rslora_v4_ck250,199,431,475,,0,0,0,0,0,0,0,True
rslora_v4_ck300,0,1972,2061,,0,0,0,0,0,0,0,True
rslora_v4_ck300,1,120,120,,0,0,0,0,0,0,0,True
rslora_v4_ck300,2,76,76,,0,0,0,0,0,0,0,True
rslora_v4_ck300,3,2320,2320,,0,0,0,0,0,0,0,True
rslora_v4_ck300,4,2464,2539,,0,0,0,0,0,0,0,True
rslora_v4_ck300,5,1165,1408,,0,0,0,0,0,0,0,True
rslora_v4_ck300,6,1160,1258,,0,0,0,0,0,0,0,True
rslora_v4_ck300,7,673,673,,0,0,0,0,0,0,0,True
rslora_v4_ck300,8,1335,1404,,0,0,0,0,0,0,0,True
rslora_v4_ck300,9,90,109,,0,0,0,0,0,0,0,True
rslora_v4_ck300,10,939,1002,,0,0,0,0,0,0,0,True
rslora_v4_ck300,11,741,741,,0,0,0,0,0,0,0,True
rslora_v4_ck300,12,92,92,,0,0,0,0,0,0,0,True
rslora_v4_ck300,13,4009,5507,,0,183,39,189,23,37,471,False
rslora_v4_ck300,14,1258,1342,,0,0,0,0,0,0,0,True
rslora_v4_ck300,15,1290,1390,,0,0,0,0,0,0,0,True
rslora_v4_ck300,16,1715,1921,,0,0,0,0,0,0,0,True
rslora_v4_ck300,17,1913,1913,,0,0,0,0,0,0,0,True
rslora_v4_ck300,18,571,571,,0,0,0,0,0,0,0,True
rslora_v4_ck300,19,2377,2377,,0,0,0,0,0,0,0,True
rslora_v4_ck300,20,1375,1403,,0,0,0,0,0,0,0,True
rslora_v4_ck300,21,1166,1166,,0,0,0,0,0,0,0,True
rslora_v4_ck300,22,2331,2777,,0,1,0,0,0,0,1,False
rslora_v4_ck300,23,1641,1679,,0,0,0,0,0,0,0,True
rslora_v4_ck300,24,868,868,,0,0,0,0,0,0,0,True
rslora_v4_ck300,25,1462,1462,,0,0,0,0,0,0,0,True
rslora_v4_ck300,26,3228,3707,,0,0,0,0,0,0,0,True
rslora_v4_ck300,27,1926,2360,,0,0,0,0,0,0,0,True
rslora_v4_ck300,28,1303,1336,,0,0,0,0,0,0,0,True
rslora_v4_ck300,29,1541,1825,,0,0,0,0,0,0,0,True
rslora_v4_ck300,30,2579,2840,,0,0,0,0,0,0,0,True
rslora_v4_ck300,31,1364,1633,,0,0,0,0,0,0,0,True
rslora_v4_ck300,32,817,817,,0,0,0,0,0,0,0,True
rslora_v4_ck300,33,2440,2440,,0,0,0,0,0,0,0,True
rslora_v4_ck300,34,1161,1254,,0,0,0,0,0,0,0,True
rslora_v4_ck300,35,567,573,,0,0,0,0,0,0,0,True
rslora_v4_ck300,36,2848,3009,,0,0,0,0,0,0,0,True
rslora_v4_ck300,37,955,1036,,0,0,0,0,0,0,0,True
rslora_v4_ck300,38,1257,1460,,0,0,0,0,0,0,0,True
rslora_v4_ck300,39,670,670,,0,0,0,0,0,0,0,True
rslora_v4_ck300,40,2019,2210,,0,0,0,0,0,0,0,True
rslora_v4_ck300,41,2732,2732,,0,0,0,0,0,0,0,True
rslora_v4_ck300,42,1993,1998,,0,0,0,0,0,0,0,True
rslora_v4_ck300,43,284,284,,0,0,0,0,0,0,0,True
rslora_v4_ck300,44,1289,1345,,0,0,0,0,0,0,0,True
rslora_v4_ck300,45,945,951,,0,0,0,0,0,0,0,True
rslora_v4_ck300,46,1921,2065,,0,0,0,0,0,0,0,True
rslora_v4_ck300,47,1664,1777,,0,0,0,0,0,0,0,True
rslora_v4_ck300,48,135,135,,0,0,0,0,0,0,0,True
rslora_v4_ck300,49,824,824,,0,0,0,0,0,0,0,True
rslora_v4_ck300,50,2367,4463,,0,182,18,93,18,6,317,False
rslora_v4_ck300,51,981,1045,,0,0,0,0,0,0,0,True
rslora_v4_ck300,52,2122,2574,,0,0,0,0,0,0,0,True
rslora_v4_ck300,53,694,694,,0,0,0,0,0,0,0,True
rslora_v4_ck300,54,1806,2016,,0,0,0,0,0,0,0,True
rslora_v4_ck300,55,143,168,,0,0,0,0,0,0,0,True
rslora_v4_ck300,56,2288,2708,,0,0,0,1,0,0,1,False
rslora_v4_ck300,57,592,610,,0,0,0,0,0,0,0,True
rslora_v4_ck300,58,198,216,,0,0,0,0,0,0,0,True
rslora_v4_ck300,59,586,607,,0,0,0,0,0,0,0,True
rslora_v4_ck300,60,165,165,,0,0,0,0,0,0,0,True
rslora_v4_ck300,61,164,164,,0,0,0,0,0,0,0,True
rslora_v4_ck300,62,1916,2164,,0,0,0,0,0,0,0,True
rslora_v4_ck300,63,496,503,,0,0,0,0,0,0,0,True
rslora_v4_ck300,64,1157,1157,,0,0,0,0,0,0,0,True
rslora_v4_ck300,65,2645,2837,,0,0,0,0,0,0,0,True
rslora_v4_ck300,66,1007,1007,,0,0,0,0,0,0,0,True
rslora_v4_ck300,67,716,750,,0,0,0,0,0,0,0,True
rslora_v4_ck300,68,872,1265,,0,6,4,0,0,0,10,False
rslora_v4_ck300,69,1286,1435,,0,2,0,0,0,0,2,False
rslora_v4_ck300,70,1834,1957,,0,0,0,0,0,0,0,True
rslora_v4_ck300,71,3031,3302,,0,0,0,0,0,0,0,True
rslora_v4_ck300,72,1869,2042,,0,0,0,0,0,0,0,True
rslora_v4_ck300,73,496,550,,0,0,0,0,0,0,0,True
rslora_v4_ck300,74,731,731,,0,0,0,0,0,0,0,True
rslora_v4_ck300,75,2569,2808,,0,0,0,0,0,0,0,True
rslora_v4_ck300,76,877,877,,0,0,0,0,0,0,0,True
rslora_v4_ck300,77,1879,2087,,0,0,0,0,0,0,0,True
rslora_v4_ck300,78,947,1046,,0,0,0,0,0,0,0,True
rslora_v4_ck300,79,789,909,,0,0,0,0,0,0,0,True
rslora_v4_ck300,80,655,683,,0,0,0,0,0,0,0,True
rslora_v4_ck300,81,1314,1366,,0,0,0,0,0,0,0,True
rslora_v4_ck300,82,279,301,,0,0,0,0,0,0,0,True
rslora_v4_ck300,83,2281,2331,,0,0,0,0,0,0,0,True
rslora_v4_ck300,84,551,551,,0,0,0,0,0,0,0,True
rslora_v4_ck300,85,1807,1807,,0,0,0,0,0,0,0,True
rslora_v4_ck300,86,860,860,,0,0,0,0,0,0,0,True
rslora_v4_ck300,87,3023,3270,,0,0,0,0,0,0,0,True
rslora_v4_ck300,88,1125,1125,,0,0,0,0,0,0,0,True
rslora_v4_ck300,89,1806,1806,,0,0,0,0,0,0,0,True
rslora_v4_ck300,90,873,873,,0,0,0,0,0,0,0,True
rslora_v4_ck300,91,2023,2116,,0,0,0,0,0,0,0,True
rslora_v4_ck300,92,939,1113,,0,0,0,0,0,0,0,True
rslora_v4_ck300,93,328,328,,0,0,0,0,0,0,0,True
rslora_v4_ck300,94,519,547,,0,0,0,0,0,0,0,True
rslora_v4_ck300,95,193,193,,0,0,0,0,0,0,0,True
rslora_v4_ck300,96,72,72,,0,0,0,0,0,0,0,True
rslora_v4_ck300,97,419,419,,0,0,0,0,0,0,0,True
rslora_v4_ck300,98,499,566,,0,0,0,0,0,0,0,True
rslora_v4_ck300,99,1806,1806,,0,0,0,0,0,0,0,True
rslora_v4_ck300,100,1356,1356,,0,0,0,0,0,0,0,True
rslora_v4_ck300,101,536,557,,0,0,0,0,0,0,0,True
rslora_v4_ck300,102,987,987,,0,0,0,0,0,0,0,True
rslora_v4_ck300,103,2179,2733,,0,0,0,0,0,0,0,True
rslora_v4_ck300,104,1236,1309,,0,0,0,0,0,0,0,True
rslora_v4_ck300,105,2102,2168,,0,0,0,0,0,0,0,True
rslora_v4_ck300,106,1037,1037,,0,0,0,0,0,0,0,True
rslora_v4_ck300,107,1100,1148,,0,0,0,0,0,0,0,True
rslora_v4_ck300,108,2524,4935,,0,182,43,127,14,28,394,False
rslora_v4_ck300,109,562,562,,0,0,0,0,0,0,0,True
rslora_v4_ck300,110,1426,1426,,0,0,0,0,0,0,0,True
rslora_v4_ck300,111,59,59,,0,0,0,0,0,0,0,True
rslora_v4_ck300,112,2212,2899,,0,2,0,0,0,0,2,False
rslora_v4_ck300,113,1238,1238,,0,0,0,0,0,0,0,True
rslora_v4_ck300,114,992,1068,,0,0,0,0,0,0,0,True
rslora_v4_ck300,115,1663,1707,,0,0,0,0,0,0,0,True
rslora_v4_ck300,116,649,755,,0,0,0,0,0,0,0,True
rslora_v4_ck300,117,1539,1539,,0,0,0,0,0,0,0,True
rslora_v4_ck300,118,1347,1443,,0,0,0,0,0,0,0,True
rslora_v4_ck300,119,1834,1904,,0,0,0,0,0,0,0,True
rslora_v4_ck300,120,2392,2392,,0,0,0,0,0,0,0,True
rslora_v4_ck300,121,1218,1218,,0,0,0,0,0,0,0,True
rslora_v4_ck300,122,1534,1626,,0,0,0,0,0,0,0,True
rslora_v4_ck300,123,1404,1404,,0,0,0,0,0,0,0,True
rslora_v4_ck300,124,96,111,,0,0,0,0,0,0,0,True
rslora_v4_ck300,125,1082,1082,,0,0,0,0,0,0,0,True
rslora_v4_ck300,126,563,635,,0,0,0,0,0,0,0,True
rslora_v4_ck300,127,655,655,,0,0,0,0,0,0,0,True
rslora_v4_ck300,128,982,982,,0,0,0,0,0,0,0,True
rslora_v4_ck300,129,638,638,,0,0,0,0,0,0,0,True
rslora_v4_ck300,130,646,646,,0,0,0,0,0,0,0,True
rslora_v4_ck300,131,1110,1110,,0,0,0,0,0,0,0,True
rslora_v4_ck300,132,1385,1510,,0,0,0,0,0,0,0,True
rslora_v4_ck300,133,645,682,,0,0,0,0,0,0,0,True
rslora_v4_ck300,134,741,867,,0,0,0,0,0,0,0,True
rslora_v4_ck300,135,1895,1972,,0,0,0,0,0,0,0,True
rslora_v4_ck300,136,667,831,,0,0,0,0,0,0,0,True
rslora_v4_ck300,137,874,874,,0,0,0,0,0,0,0,True
rslora_v4_ck300,138,329,329,,0,0,0,0,0,0,0,True
rslora_v4_ck300,139,1882,1954,,0,0,0,0,0,0,0,True
rslora_v4_ck300,140,2525,2585,,0,0,0,0,0,0,0,True
rslora_v4_ck300,141,267,275,,0,0,0,0,0,0,0,True
rslora_v4_ck300,142,1214,1214,,0,0,0,0,0,0,0,True
rslora_v4_ck300,143,1267,1486,,0,0,0,0,0,0,0,True
rslora_v4_ck300,144,433,433,,0,0,0,0,0,0,0,True
rslora_v4_ck300,145,2043,2205,,0,0,0,0,0,0,0,True
rslora_v4_ck300,146,2021,2113,,0,0,0,0,0,0,0,True
rslora_v4_ck300,147,1672,1865,,0,0,0,0,0,0,0,True
rslora_v4_ck300,148,337,337,,0,0,0,0,0,0,0,True
rslora_v4_ck300,149,2140,2140,,0,0,0,0,0,0,0,True
rslora_v4_ck300,150,1577,1904,,0,0,0,0,0,0,0,True
rslora_v4_ck300,151,2704,3294,,0,0,0,0,0,0,0,True
rslora_v4_ck300,152,1667,1667,,0,0,0,0,0,0,0,True
rslora_v4_ck300,153,1143,1216,,0,0,0,0,0,0,0,True
rslora_v4_ck300,154,1329,1463,,0,0,0,0,0,0,0,True
rslora_v4_ck300,155,517,544,,0,0,0,0,0,1,1,False
rslora_v4_ck300,156,2335,2534,,0,0,0,0,0,0,0,True
rslora_v4_ck300,157,557,557,,0,0,0,0,0,0,0,True
rslora_v4_ck300,158,1455,1575,,0,0,0,0,0,0,0,True
rslora_v4_ck300,159,507,569,,0,0,0,0,0,0,0,True
rslora_v4_ck300,160,22,22,,0,0,0,0,0,0,0,True
rslora_v4_ck300,161,1549,1739,,0,0,0,0,0,0,0,True
rslora_v4_ck300,162,155,175,,0,0,0,0,0,0,0,True
rslora_v4_ck300,163,658,670,,0,0,0,0,0,0,0,True
rslora_v4_ck300,164,287,299,,0,0,0,0,0,0,0,True
rslora_v4_ck300,165,1178,1178,,0,0,0,0,0,0,0,True
rslora_v4_ck300,166,815,839,,0,0,0,0,0,0,0,True
rslora_v4_ck300,167,142,142,,0,0,0,0,0,0,0,True
rslora_v4_ck300,168,2328,2328,,0,0,0,0,0,0,0,True
rslora_v4_ck300,169,2515,2515,,0,0,0,0,0,0,0,True
rslora_v4_ck300,170,1699,1699,,0,0,0,0,0,0,0,True
rslora_v4_ck300,171,1405,1405,,0,0,0,0,0,0,0,True
rslora_v4_ck300,172,1261,1440,,0,0,0,0,0,0,0,True
rslora_v4_ck300,173,788,788,,0,0,0,0,0,0,0,True
rslora_v4_ck300,174,1484,1562,,0,0,0,0,0,0,0,True
rslora_v4_ck300,175,2098,2098,,0,0,0,0,0,0,0,True
rslora_v4_ck300,176,895,957,,0,0,0,0,0,0,0,True
rslora_v4_ck300,177,1529,1768,,0,0,0,0,0,0,0,True
rslora_v4_ck300,178,1381,1472,,0,0,0,0,0,0,0,True
rslora_v4_ck300,179,3033,3508,,0,0,0,0,0,0,0,True
rslora_v4_ck300,180,1068,1068,,0,0,0,0,0,0,0,True
rslora_v4_ck300,181,265,267,,0,0,0,0,0,0,0,True
rslora_v4_ck300,182,2309,2309,,0,0,0,0,0,0,0,True
rslora_v4_ck300,183,490,522,,0,0,0,0,0,0,0,True
rslora_v4_ck300,184,383,383,,0,0,0,0,0,0,0,True
rslora_v4_ck300,185,140,140,,0,0,0,0,0,0,0,True
rslora_v4_ck300,186,1599,1802,,0,0,0,0,0,0,0,True
rslora_v4_ck300,187,829,859,,0,0,0,0,0,0,0,True
rslora_v4_ck300,188,1564,1709,,0,0,0,0,0,0,0,True
rslora_v4_ck300,189,1682,1824,,0,0,0,0,0,0,0,True
rslora_v4_ck300,190,1375,1379,,0,0,0,0,0,0,0,True
rslora_v4_ck300,191,817,934,,0,0,0,0,0,0,0,True
rslora_v4_ck300,192,1458,1579,,0,0,0,0,0,0,0,True
rslora_v4_ck300,193,543,543,,0,0,0,0,0,0,0,True
rslora_v4_ck300,194,1121,1121,,0,0,0,0,0,0,0,True
rslora_v4_ck300,195,1243,1345,,0,0,0,0,0,0,0,True
rslora_v4_ck300,196,861,878,,0,0,0,0,0,0,0,True
rslora_v4_ck300,197,360,403,,0,0,0,0,0,0,0,True
rslora_v4_ck300,198,2965,3304,,1,0,2,0,1,0,4,False
rslora_v4_ck300,199,431,473,,0,0,0,0,0,0,0,True
rslora_v4_ck350,0,1972,2061,,0,0,0,0,0,0,0,True
rslora_v4_ck350,1,120,120,,0,0,0,0,0,0,0,True
rslora_v4_ck350,2,76,76,,0,0,0,0,0,0,0,True
rslora_v4_ck350,3,2320,2320,,0,0,0,0,0,0,0,True
rslora_v4_ck350,4,2464,2539,,0,0,0,0,0,0,0,True
rslora_v4_ck350,5,1165,1357,,0,0,0,0,0,0,0,True
rslora_v4_ck350,6,1160,1258,,0,0,0,0,0,0,0,True
rslora_v4_ck350,7,673,673,,0,0,0,0,0,0,0,True
rslora_v4_ck350,8,1335,1404,,0,0,0,0,0,0,0,True
rslora_v4_ck350,9,90,102,,0,0,0,0,0,0,0,True
rslora_v4_ck350,10,939,1002,,0,0,0,0,0,0,0,True
rslora_v4_ck350,11,741,741,,0,0,0,0,0,0,0,True
rslora_v4_ck350,12,92,92,,0,0,0,0,0,0,0,True
rslora_v4_ck350,13,4009,4502,,0,2,0,0,0,0,2,False
rslora_v4_ck350,14,1258,1342,,0,0,0,0,0,0,0,True
rslora_v4_ck350,15,1290,1390,,0,0,0,0,0,0,0,True
rslora_v4_ck350,16,1715,1921,,0,0,0,0,0,0,0,True
rslora_v4_ck350,17,1913,1913,,0,0,0,0,0,0,0,True
rslora_v4_ck350,18,571,572,,0,0,0,0,0,0,0,True
rslora_v4_ck350,19,2377,2377,,0,0,0,0,0,0,0,True
rslora_v4_ck350,20,1375,1399,,0,0,0,0,0,0,0,True
rslora_v4_ck350,21,1166,1166,,0,0,0,0,0,0,0,True
rslora_v4_ck350,22,2331,2585,,0,0,0,0,0,0,0,True
rslora_v4_ck350,23,1641,1641,,0,0,0,0,0,0,0,True
rslora_v4_ck350,24,868,868,,0,0,0,0,0,0,0,True
rslora_v4_ck350,25,1462,1462,,0,0,0,0,0,0,0,True
rslora_v4_ck350,26,3228,3984,,0,0,0,0,0,0,0,True
rslora_v4_ck350,27,1926,2256,,0,0,0,0,0,0,0,True
rslora_v4_ck350,28,1303,1336,,0,0,0,0,0,0,0,True
rslora_v4_ck350,29,1541,1758,,0,0,0,0,0,0,0,True
rslora_v4_ck350,30,2579,2840,,0,0,0,0,0,0,0,True
rslora_v4_ck350,31,1364,1633,,0,0,0,0,0,0,0,True
rslora_v4_ck350,32,817,817,,0,0,0,0,0,0,0,True
rslora_v4_ck350,33,2440,2440,,0,0,0,0,0,0,0,True
rslora_v4_ck350,34,1161,1366,,0,0,0,0,0,0,0,True
rslora_v4_ck350,35,567,573,,0,0,0,0,0,0,0,True
rslora_v4_ck350,36,2848,3009,,0,0,0,0,0,0,0,True
rslora_v4_ck350,37,955,1036,,0,0,0,0,0,0,0,True
rslora_v4_ck350,38,1257,1419,,0,0,0,0,0,0,0,True
rslora_v4_ck350,39,670,670,,0,0,0,0,0,0,0,True
rslora_v4_ck350,40,2019,2210,,0,0,0,0,0,0,0,True
rslora_v4_ck350,41,2732,2732,,0,0,0,0,0,0,0,True
rslora_v4_ck350,42,1993,1998,,0,0,0,0,0,0,0,True
rslora_v4_ck350,43,284,284,,0,0,0,0,0,0,0,True
rslora_v4_ck350,44,1289,1345,,0,0,0,0,0,0,0,True
rslora_v4_ck350,45,945,951,,0,0,0,0,0,0,0,True
rslora_v4_ck350,46,1921,2065,,0,0,0,0,0,0,0,True
rslora_v4_ck350,47,1664,1777,,0,0,0,0,0,0,0,True
rslora_v4_ck350,48,135,135,,0,0,0,0,0,0,0,True
rslora_v4_ck350,49,824,824,,0,0,0,0,0,0,0,True
rslora_v4_ck350,50,2367,4999,,0,193,18,103,6,13,333,False
rslora_v4_ck350,51,981,1045,,0,0,0,0,0,0,0,True
rslora_v4_ck350,52,2122,3374,,0,14,0,1,0,0,15,False
rslora_v4_ck350,53,694,694,,0,0,0,0,0,0,0,True
rslora_v4_ck350,54,1806,2016,,0,0,0,0,0,0,0,True
rslora_v4_ck350,55,143,165,,0,0,0,0,0,0,0,True
rslora_v4_ck350,56,2288,2709,,0,0,0,1,0,0,1,False
rslora_v4_ck350,57,592,606,,0,0,0,0,0,0,0,True
rslora_v4_ck350,58,198,221,,0,0,0,0,0,0,0,True
rslora_v4_ck350,59,586,607,,0,0,0,0,0,0,0,True
rslora_v4_ck350,60,165,165,,0,0,0,0,0,0,0,True
rslora_v4_ck350,61,164,164,,0,0,0,0,0,0,0,True
rslora_v4_ck350,62,1916,2087,,0,0,0,0,0,0,0,True
rslora_v4_ck350,63,496,503,,0,0,0,0,0,0,0,True
rslora_v4_ck350,64,1157,1157,,0,0,0,0,0,0,0,True
rslora_v4_ck350,65,2645,3105,,0,0,0,0,0,0,0,True
rslora_v4_ck350,66,1007,1007,,0,0,0,0,0,0,0,True
rslora_v4_ck350,67,716,750,,0,0,0,0,0,0,0,True
rslora_v4_ck350,68,872,1025,,0,1,0,0,0,0,1,False
rslora_v4_ck350,69,1286,4219,,0,192,0,66,10,0,268,False
rslora_v4_ck350,70,1834,1957,,0,0,0,0,0,0,0,True
rslora_v4_ck350,71,3031,3351,,0,0,0,0,0,0,0,True
rslora_v4_ck350,72,1869,1929,,0,0,0,0,0,0,0,True
rslora_v4_ck350,73,496,593,,0,2,0,0,0,0,2,False
rslora_v4_ck350,74,731,731,,0,0,0,0,0,0,0,True
rslora_v4_ck350,75,2569,2731,,0,0,0,0,0,0,0,True
rslora_v4_ck350,76,877,877,,0,0,0,0,0,0,0,True
rslora_v4_ck350,77,1879,2087,,0,0,0,0,0,0,0,True
rslora_v4_ck350,78,947,986,,0,0,0,0,0,0,0,True
rslora_v4_ck350,79,789,879,,0,1,0,0,0,0,1,False
rslora_v4_ck350,80,655,683,,0,0,0,0,0,0,0,True
rslora_v4_ck350,81,1314,1365,,0,0,0,0,0,0,0,True
rslora_v4_ck350,82,279,315,,0,0,0,0,0,0,0,True
rslora_v4_ck350,83,2281,2281,,0,0,0,0,0,0,0,True
rslora_v4_ck350,84,551,551,,0,0,0,0,0,0,0,True
rslora_v4_ck350,85,1807,1807,,0,0,0,0,0,0,0,True
rslora_v4_ck350,86,860,860,,0,0,0,0,0,0,0,True
rslora_v4_ck350,87,3023,3495,,0,0,0,0,0,0,0,True
rslora_v4_ck350,88,1125,1125,,0,0,0,0,0,0,0,True
rslora_v4_ck350,89,1806,1806,,0,0,0,0,0,0,0,True
rslora_v4_ck350,90,873,873,,0,0,0,0,0,0,0,True
rslora_v4_ck350,91,2023,2116,,0,0,0,0,0,0,0,True
rslora_v4_ck350,92,939,1084,,0,0,0,0,0,0,0,True
rslora_v4_ck350,93,328,328,,0,0,0,0,0,0,0,True
rslora_v4_ck350,94,519,547,,0,0,0,0,0,0,0,True
rslora_v4_ck350,95,193,193,,0,0,0,0,0,0,0,True
rslora_v4_ck350,96,72,72,,0,0,0,0,0,0,0,True
rslora_v4_ck350,97,419,419,,0,0,0,0,0,0,0,True
rslora_v4_ck350,98,499,566,,0,0,0,0,0,0,0,True
rslora_v4_ck350,99,1806,1806,,0,0,0,0,0,0,0,True
rslora_v4_ck350,100,1356,1356,,0,0,0,0,0,0,0,True
rslora_v4_ck350,101,536,546,,0,0,0,0,0,0,0,True
rslora_v4_ck350,102,987,987,,0,0,0,0,0,0,0,True
rslora_v4_ck350,103,2179,2642,,0,0,0,0,0,0,0,True
rslora_v4_ck350,104,1236,1309,,0,0,0,0,0,0,0,True
rslora_v4_ck350,105,2102,2113,,0,0,0,0,0,0,0,True
rslora_v4_ck350,106,1037,1037,,0,0,0,0,0,0,0,True
rslora_v4_ck350,107,1100,1148,,0,0,0,0,0,0,0,True
rslora_v4_ck350,108,2524,4440,,0,189,36,139,7,20,391,False
rslora_v4_ck350,109,562,562,,0,0,0,0,0,0,0,True
rslora_v4_ck350,110,1426,1426,,0,0,0,0,0,0,0,True
rslora_v4_ck350,111,59,59,,0,0,0,0,0,0,0,True
rslora_v4_ck350,112,2212,2603,,0,0,0,0,0,0,0,True
rslora_v4_ck350,113,1238,1238,,0,0,0,0,0,0,0,True
rslora_v4_ck350,114,992,1068,,0,0,0,0,0,0,0,True
rslora_v4_ck350,115,1663,1707,,0,0,0,0,0,0,0,True
rslora_v4_ck350,116,649,755,,0,0,0,0,0,0,0,True
rslora_v4_ck350,117,1539,1539,,0,0,0,0,0,0,0,True
rslora_v4_ck350,118,1347,1443,,0,0,0,0,0,0,0,True
rslora_v4_ck350,119,1834,1904,,0,0,0,0,0,0,0,True
rslora_v4_ck350,120,2392,2425,,0,0,0,0,0,0,0,True
rslora_v4_ck350,121,1218,1218,,0,0,0,0,0,0,0,True
rslora_v4_ck350,122,1534,1693,,0,0,0,0,0,0,0,True
rslora_v4_ck350,123,1404,1404,,0,0,0,0,0,0,0,True
rslora_v4_ck350,124,96,111,,0,0,0,0,0,0,0,True
rslora_v4_ck350,125,1082,1082,,0,0,0,0,0,0,0,True
rslora_v4_ck350,126,563,632,,0,1,1,0,0,0,2,False
rslora_v4_ck350,127,655,655,,0,0,0,0,0,0,0,True
rslora_v4_ck350,128,982,982,,0,0,0,0,0,0,0,True
rslora_v4_ck350,129,638,638,,0,0,0,0,0,0,0,True
rslora_v4_ck350,130,646,646,,0,0,0,0,0,0,0,True
rslora_v4_ck350,131,1110,1110,,0,0,0,0,0,0,0,True
rslora_v4_ck350,132,1385,1510,,0,0,0,0,0,0,0,True
rslora_v4_ck350,133,645,682,,0,0,0,0,0,0,0,True
rslora_v4_ck350,134,741,899,,0,0,0,0,0,0,0,True
rslora_v4_ck350,135,1895,1972,,0,0,0,0,0,0,0,True
rslora_v4_ck350,136,667,831,,0,0,0,0,0,0,0,True
rslora_v4_ck350,137,874,874,,0,0,0,0,0,0,0,True
rslora_v4_ck350,138,329,329,,0,0,0,0,0,0,0,True
rslora_v4_ck350,139,1882,1954,,0,0,0,0,0,0,0,True
rslora_v4_ck350,140,2525,2619,,0,0,0,0,0,0,0,True
rslora_v4_ck350,141,267,275,,0,0,0,0,0,0,0,True
rslora_v4_ck350,142,1214,1214,,0,0,0,0,0,0,0,True
rslora_v4_ck350,143,1267,1486,,0,0,0,0,0,0,0,True
rslora_v4_ck350,144,433,433,,0,0,0,0,0,0,0,True
rslora_v4_ck350,145,2043,2167,,0,0,0,0,0,0,0,True
rslora_v4_ck350,146,2021,2210,,0,0,0,0,0,0,0,True
rslora_v4_ck350,147,1672,1768,,0,0,0,0,0,0,0,True
rslora_v4_ck350,148,337,337,,0,0,0,0,0,0,0,True
rslora_v4_ck350,149,2140,2140,,0,0,0,0,0,0,0,True
rslora_v4_ck350,150,1577,1904,,0,0,0,0,0,0,0,True
rslora_v4_ck350,151,2704,3027,,0,0,0,0,0,0,0,True
rslora_v4_ck350,152,1667,1667,,0,0,0,0,0,0,0,True
rslora_v4_ck350,153,1143,1216,,0,0,0,0,0,0,0,True
rslora_v4_ck350,154,1329,1473,,0,0,0,0,0,0,0,True
rslora_v4_ck350,155,517,544,,0,0,0,0,0,1,1,False
rslora_v4_ck350,156,2335,2739,,0,0,0,0,0,0,0,True
rslora_v4_ck350,157,557,557,,0,0,0,0,0,0,0,True
rslora_v4_ck350,158,1455,1694,,0,0,0,0,0,0,0,True
rslora_v4_ck350,159,507,562,,0,0,0,0,0,0,0,True
rslora_v4_ck350,160,22,22,,0,0,0,0,0,0,0,True
rslora_v4_ck350,161,1549,1777,,0,0,0,0,0,0,0,True
rslora_v4_ck350,162,155,175,,0,0,0,0,0,0,0,True
rslora_v4_ck350,163,658,670,,0,0,0,0,0,0,0,True
rslora_v4_ck350,164,287,299,,0,0,0,0,0,0,0,True
rslora_v4_ck350,165,1178,1178,,0,0,0,0,0,0,0,True
rslora_v4_ck350,166,815,839,,0,0,0,0,0,0,0,True
rslora_v4_ck350,167,142,142,,0,0,0,0,0,0,0,True
rslora_v4_ck350,168,2328,2328,,0,0,0,0,0,0,0,True
rslora_v4_ck350,169,2515,2515,,0,0,0,0,0,0,0,True
rslora_v4_ck350,170,1699,1699,,0,0,0,0,0,0,0,True
rslora_v4_ck350,171,1405,1405,,0,0,0,0,0,0,0,True
rslora_v4_ck350,172,1261,1440,,0,0,0,0,0,0,0,True
rslora_v4_ck350,173,788,788,,0,0,0,0,0,0,0,True
rslora_v4_ck350,174,1484,1562,,0,0,0,0,0,0,0,True
rslora_v4_ck350,175,2098,2180,,0,0,0,0,0,0,0,True
rslora_v4_ck350,176,895,957,,0,0,0,0,0,0,0,True
rslora_v4_ck350,177,1529,1768,,0,0,0,0,0,1,1,False
rslora_v4_ck350,178,1381,1472,,0,0,0,0,0,0,0,True
rslora_v4_ck350,179,3033,3508,,0,0,0,0,0,0,0,True
rslora_v4_ck350,180,1068,1068,,0,0,0,0,0,0,0,True
rslora_v4_ck350,181,265,282,,0,0,0,0,0,0,0,True
rslora_v4_ck350,182,2309,2309,,0,0,0,0,0,0,0,True
rslora_v4_ck350,183,490,522,,0,0,0,0,0,0,0,True
rslora_v4_ck350,184,383,418,,0,0,0,0,0,0,0,True
rslora_v4_ck350,185,140,147,,0,0,0,0,0,0,0,True
rslora_v4_ck350,186,1599,4297,,0,202,5,99,9,3,318,False
rslora_v4_ck350,187,829,859,,0,0,0,0,0,0,0,True
rslora_v4_ck350,188,1564,1656,,0,0,0,0,0,0,0,True
rslora_v4_ck350,189,1682,1824,,0,0,0,0,0,0,0,True
rslora_v4_ck350,190,1375,1471,,0,0,0,0,0,0,0,True
rslora_v4_ck350,191,817,934,,0,0,0,0,0,0,0,True
rslora_v4_ck350,192,1458,1610,,0,0,0,0,0,0,0,True
rslora_v4_ck350,193,543,543,,0,0,0,0,0,0,0,True
rslora_v4_ck350,194,1121,1121,,0,0,0,0,0,0,0,True
rslora_v4_ck350,195,1243,1448,,0,0,0,0,0,0,0,True
rslora_v4_ck350,196,861,878,,0,0,0,0,0,0,0,True
rslora_v4_ck350,197,360,367,,0,0,0,0,0,0,0,True
rslora_v4_ck350,198,2965,3304,,1,0,2,0,1,0,4,False
rslora_v4_ck350,199,431,473,,0,0,0,0,0,0,0,True
rslora_v4_ck400,0,1972,2108,,0,0,0,0,0,0,0,True
rslora_v4_ck400,1,120,120,,0,0,0,0,0,0,0,True
rslora_v4_ck400,2,76,76,,0,0,0,0,0,0,0,True
rslora_v4_ck400,3,2320,2320,,0,0,0,0,0,0,0,True
rslora_v4_ck400,4,2464,2464,,0,0,0,0,0,0,0,True
rslora_v4_ck400,5,1165,1348,,0,0,0,0,0,0,0,True
rslora_v4_ck400,6,1160,1205,,0,0,0,0,0,0,0,True
rslora_v4_ck400,7,673,673,,0,0,0,0,0,0,0,True
rslora_v4_ck400,8,1335,1404,,0,0,0,0,0,0,0,True
rslora_v4_ck400,9,90,98,,0,0,0,0,0,0,0,True
rslora_v4_ck400,10,939,1002,,0,0,0,0,0,0,0,True
rslora_v4_ck400,11,741,741,,0,0,0,0,0,0,0,True
rslora_v4_ck400,12,92,92,,0,0,0,0,0,0,0,True
rslora_v4_ck400,13,4009,4456,,0,2,0,0,0,0,2,False
rslora_v4_ck400,14,1258,1342,,0,0,0,0,0,0,0,True
rslora_v4_ck400,15,1290,1418,,0,0,0,0,0,0,0,True
rslora_v4_ck400,16,1715,1921,,0,0,0,0,0,0,0,True
rslora_v4_ck400,17,1913,1913,,0,0,0,0,0,0,0,True
rslora_v4_ck400,18,571,571,,0,0,0,0,0,0,0,True
rslora_v4_ck400,19,2377,2377,,0,0,0,0,0,0,0,True
rslora_v4_ck400,20,1375,1399,,0,0,0,0,0,0,0,True
rslora_v4_ck400,21,1166,1166,,0,0,0,0,0,0,0,True
rslora_v4_ck400,22,2331,2800,,0,2,0,0,0,0,2,False
rslora_v4_ck400,23,1641,1641,,0,0,0,0,0,0,0,True
rslora_v4_ck400,24,868,868,,0,0,0,0,0,0,0,True
rslora_v4_ck400,25,1462,1462,,0,0,0,0,0,0,0,True
rslora_v4_ck400,26,3228,3535,,0,0,0,0,0,0,0,True
rslora_v4_ck400,27,1926,2256,,0,0,0,0,0,0,0,True
rslora_v4_ck400,28,1303,1336,,0,0,0,0,0,0,0,True
rslora_v4_ck400,29,1541,1627,,0,0,0,0,0,1,1,False
rslora_v4_ck400,30,2579,2840,,0,0,0,0,0,0,0,True
rslora_v4_ck400,31,1364,1633,,0,0,0,0,0,0,0,True
rslora_v4_ck400,32,817,817,,0,0,0,0,0,0,0,True
rslora_v4_ck400,33,2440,2440,,0,0,0,0,0,0,0,True
rslora_v4_ck400,34,1161,1312,,0,3,0,0,0,0,3,False
rslora_v4_ck400,35,567,573,,0,0,0,0,0,0,0,True
rslora_v4_ck400,36,2848,3009,,0,0,0,0,0,0,0,True
rslora_v4_ck400,37,955,1036,,0,0,0,0,0,0,0,True
rslora_v4_ck400,38,1257,1344,,0,0,0,0,0,0,0,True
rslora_v4_ck400,39,670,670,,0,0,0,0,0,0,0,True
rslora_v4_ck400,40,2019,2210,,0,0,0,0,0,0,0,True
rslora_v4_ck400,41,2732,2732,,0,0,0,0,0,0,0,True
rslora_v4_ck400,42,1993,1998,,0,0,0,0,0,0,0,True
rslora_v4_ck400,43,284,284,,0,0,0,0,0,0,0,True
rslora_v4_ck400,44,1289,1345,,0,0,0,0,0,0,0,True
rslora_v4_ck400,45,945,951,,0,0,0,0,0,0,0,True
rslora_v4_ck400,46,1921,2065,,0,0,0,0,0,0,0,True
rslora_v4_ck400,47,1664,1802,,0,0,0,0,0,0,0,True
rslora_v4_ck400,48,135,135,,0,0,0,0,0,0,0,True
rslora_v4_ck400,49,824,824,,0,0,0,0,0,0,0,True
rslora_v4_ck400,50,2367,4444,,0,191,22,98,9,15,335,False
rslora_v4_ck400,51,981,1045,,0,0,0,0,0,0,0,True
rslora_v4_ck400,52,2122,2557,,0,0,0,0,0,0,0,True
rslora_v4_ck400,53,694,694,,0,0,0,0,0,0,0,True
rslora_v4_ck400,54,1806,2159,,0,0,0,0,0,0,0,True
rslora_v4_ck400,55,143,165,,0,0,0,0,0,0,0,True
rslora_v4_ck400,56,2288,5244,,0,204,15,151,12,13,395,False
rslora_v4_ck400,57,592,610,,0,0,0,0,0,0,0,True
rslora_v4_ck400,58,198,216,,0,0,0,0,0,0,0,True
rslora_v4_ck400,59,586,607,,0,0,0,0,0,0,0,True
rslora_v4_ck400,60,165,165,,0,0,0,0,0,0,0,True
rslora_v4_ck400,61,164,164,,0,0,0,0,0,0,0,True
rslora_v4_ck400,62,1916,2087,,0,0,0,0,0,0,0,True
rslora_v4_ck400,63,496,503,,0,0,0,0,0,0,0,True
rslora_v4_ck400,64,1157,1157,,0,0,0,0,0,0,0,True
rslora_v4_ck400,65,2645,2884,,0,0,0,0,0,0,0,True
rslora_v4_ck400,66,1007,1007,,0,0,0,0,0,0,0,True
rslora_v4_ck400,67,716,750,,0,0,0,0,0,0,0,True
rslora_v4_ck400,68,872,4454,,0,194,2,23,13,0,232,False
rslora_v4_ck400,69,1286,4220,,0,188,0,62,13,0,263,False
rslora_v4_ck400,70,1834,2086,,0,0,0,0,0,0,0,True
rslora_v4_ck400,71,3031,3275,,1,0,0,0,1,0,2,False
rslora_v4_ck400,72,1869,2042,,0,0,0,0,0,0,0,True
rslora_v4_ck400,73,496,566,,0,0,0,0,0,0,0,True
rslora_v4_ck400,74,731,731,,0,0,0,0,0,0,0,True
rslora_v4_ck400,75,2569,2808,,0,0,0,0,0,0,0,True
rslora_v4_ck400,76,877,877,,0,0,0,0,0,0,0,True
rslora_v4_ck400,77,1879,1966,,0,0,0,0,0,0,0,True
rslora_v4_ck400,78,947,1038,,0,0,0,0,0,0,0,True
rslora_v4_ck400,79,789,3422,,0,204,0,2,4,0,210,False
rslora_v4_ck400,80,655,683,,0,0,0,0,0,0,0,True
rslora_v4_ck400,81,1314,1503,,0,0,0,0,0,0,0,True
rslora_v4_ck400,82,279,315,,0,0,0,0,0,0,0,True
rslora_v4_ck400,83,2281,2331,,0,0,0,0,0,0,0,True
rslora_v4_ck400,84,551,551,,0,0,0,0,0,0,0,True
rslora_v4_ck400,85,1807,1807,,0,0,0,0,0,0,0,True
rslora_v4_ck400,86,860,860,,0,0,0,0,0,0,0,True
rslora_v4_ck400,87,3023,3495,,0,0,0,0,0,0,0,True
rslora_v4_ck400,88,1125,1141,,0,0,0,0,0,0,0,True
rslora_v4_ck400,89,1806,1806,,0,0,0,0,0,0,0,True
rslora_v4_ck400,90,873,873,,0,0,0,0,0,0,0,True
rslora_v4_ck400,91,2023,2116,,0,0,0,0,0,0,0,True
rslora_v4_ck400,92,939,1084,,0,0,0,0,0,0,0,True
rslora_v4_ck400,93,328,328,,0,0,0,1,0,0,1,False
rslora_v4_ck400,94,519,547,,0,0,0,0,0,0,0,True
rslora_v4_ck400,95,193,193,,0,0,0,0,0,0,0,True
rslora_v4_ck400,96,72,72,,0,0,0,0,0,0,0,True
rslora_v4_ck400,97,419,419,,0,0,0,0,0,0,0,True
rslora_v4_ck400,98,499,528,,0,0,0,0,0,0,0,True
rslora_v4_ck400,99,1806,1806,,0,0,0,0,0,0,0,True
rslora_v4_ck400,100,1356,1356,,0,0,0,0,0,0,0,True
rslora_v4_ck400,101,536,562,,0,0,0,0,0,0,0,True
rslora_v4_ck400,102,987,987,,0,0,0,0,0,0,0,True
rslora_v4_ck400,103,2179,2642,,0,0,0,0,0,0,0,True
rslora_v4_ck400,104,1236,1309,,0,0,0,0,0,0,0,True
rslora_v4_ck400,105,2102,2113,,0,0,0,0,0,0,0,True
rslora_v4_ck400,106,1037,1037,,0,0,0,0,0,0,0,True
rslora_v4_ck400,107,1100,1148,,0,0,0,0,0,0,0,True
rslora_v4_ck400,108,2524,4398,,0,185,40,123,12,30,390,False
rslora_v4_ck400,109,562,562,,0,0,0,0,0,0,0,True
rslora_v4_ck400,110,1426,1426,,0,0,0,0,0,0,0,True
rslora_v4_ck400,111,59,59,,0,0,0,0,0,0,0,True
rslora_v4_ck400,112,2212,2561,,0,0,0,0,0,0,0,True
rslora_v4_ck400,113,1238,1238,,0,0,0,0,0,0,0,True
rslora_v4_ck400,114,992,1144,,0,0,0,0,0,0,0,True
rslora_v4_ck400,115,1663,1707,,0,0,0,0,0,0,0,True
rslora_v4_ck400,116,649,755,,0,0,0,0,0,0,0,True
rslora_v4_ck400,117,1539,1539,,0,0,0,0,0,0,0,True
rslora_v4_ck400,118,1347,1443,,0,0,0,0,0,0,0,True
rslora_v4_ck400,119,1834,1904,,0,0,0,0,0,0,0,True
rslora_v4_ck400,120,2392,2392,,0,0,0,0,0,0,0,True
rslora_v4_ck400,121,1218,1218,,0,0,0,0,0,0,0,True
rslora_v4_ck400,122,1534,1687,,0,0,0,0,0,0,0,True
rslora_v4_ck400,123,1404,1404,,0,0,0,0,0,0,0,True
rslora_v4_ck400,124,96,112,,0,0,0,0,0,0,0,True
rslora_v4_ck400,125,1082,1082,,0,0,0,0,0,0,0,True
rslora_v4_ck400,126,563,635,,0,0,0,0,0,0,0,True
rslora_v4_ck400,127,655,655,,0,0,0,0,0,0,0,True
rslora_v4_ck400,128,982,982,,0,0,0,0,0,0,0,True
rslora_v4_ck400,129,638,638,,0,0,0,0,0,0,0,True
rslora_v4_ck400,130,646,646,,0,0,0,0,0,0,0,True
rslora_v4_ck400,131,1110,1110,,0,0,0,0,0,0,0,True
rslora_v4_ck400,132,1385,1620,,1,0,0,0,1,0,2,False
rslora_v4_ck400,133,645,682,,0,0,0,0,0,0,0,True
rslora_v4_ck400,134,741,856,,0,0,0,0,0,0,0,True
rslora_v4_ck400,135,1895,1972,,0,0,0,0,0,0,0,True
rslora_v4_ck400,136,667,831,,0,0,0,0,0,0,0,True
rslora_v4_ck400,137,874,874,,0,0,0,0,0,0,0,True
rslora_v4_ck400,138,329,329,,0,0,0,0,0,0,0,True
rslora_v4_ck400,139,1882,2009,,0,0,0,0,0,0,0,True
rslora_v4_ck400,140,2525,2619,,0,0,2,0,0,2,4,False
rslora_v4_ck400,141,267,275,,0,0,0,0,0,0,0,True
rslora_v4_ck400,142,1214,1214,,0,0,0,0,0,0,0,True
rslora_v4_ck400,143,1267,1517,,0,0,0,0,0,0,0,True
rslora_v4_ck400,144,433,433,,0,0,0,0,0,0,0,True
rslora_v4_ck400,145,2043,2284,,0,0,0,0,0,0,0,True
rslora_v4_ck400,146,2021,2210,,0,0,0,0,0,0,0,True
rslora_v4_ck400,147,1672,1768,,0,0,0,0,0,0,0,True
rslora_v4_ck400,148,337,337,,0,0,0,0,0,0,0,True
rslora_v4_ck400,149,2140,2140,,0,0,0,0,0,0,0,True
rslora_v4_ck400,150,1577,1904,,0,0,0,0,0,0,0,True
rslora_v4_ck400,151,2704,2984,,0,0,0,0,0,0,0,True
rslora_v4_ck400,152,1667,1667,,0,0,0,0,0,0,0,True
rslora_v4_ck400,153,1143,1216,,0,0,0,0,0,0,0,True
rslora_v4_ck400,154,1329,1473,,0,0,0,0,0,0,0,True
rslora_v4_ck400,155,517,544,,0,0,0,0,0,1,1,False
rslora_v4_ck400,156,2335,2585,,0,0,0,0,0,0,0,True
rslora_v4_ck400,157,557,557,,0,0,0,0,0,0,0,True
rslora_v4_ck400,158,1455,1561,,0,0,0,0,0,0,0,True
rslora_v4_ck400,159,507,569,,0,0,0,0,0,0,0,True
rslora_v4_ck400,160,22,22,,0,0,0,0,0,0,0,True
rslora_v4_ck400,161,1549,1739,,0,0,0,0,0,0,0,True
rslora_v4_ck400,162,155,175,,0,0,0,0,0,0,0,True
rslora_v4_ck400,163,658,670,,0,0,0,0,0,0,0,True
rslora_v4_ck400,164,287,299,,0,0,0,0,0,0,0,True
rslora_v4_ck400,165,1178,1178,,0,0,0,0,0,0,0,True
rslora_v4_ck400,166,815,839,,0,0,0,0,0,0,0,True
rslora_v4_ck400,167,142,142,,0,0,0,0,0,0,0,True
rslora_v4_ck400,168,2328,2328,,0,0,0,0,0,0,0,True
rslora_v4_ck400,169,2515,2515,,0,0,0,0,0,0,0,True
rslora_v4_ck400,170,1699,1699,,0,0,0,0,0,0,0,True
rslora_v4_ck400,171,1405,1405,,0,0,0,0,0,0,0,True
rslora_v4_ck400,172,1261,1440,,0,0,0,0,0,0,0,True
rslora_v4_ck400,173,788,788,,0,0,0,0,0,0,0,True
rslora_v4_ck400,174,1484,1562,,0,0,0,0,0,0,0,True
rslora_v4_ck400,175,2098,2180,,0,0,0,0,0,0,0,True
rslora_v4_ck400,176,895,957,,0,0,0,0,0,0,0,True
rslora_v4_ck400,177,1529,1768,,0,0,0,0,0,1,1,False
rslora_v4_ck400,178,1381,1434,,0,0,0,0,0,0,0,True
rslora_v4_ck400,179,3033,3508,,0,0,0,0,0,0,0,True
rslora_v4_ck400,180,1068,1068,,0,0,0,0,0,0,0,True
rslora_v4_ck400,181,265,267,,0,0,0,0,0,0,0,True
rslora_v4_ck400,182,2309,2309,,0,0,0,0,0,0,0,True
rslora_v4_ck400,183,490,522,,0,0,0,0,0,0,0,True
rslora_v4_ck400,184,383,418,,0,0,0,0,0,0,0,True
rslora_v4_ck400,185,140,140,,0,0,0,0,0,0,0,True
rslora_v4_ck400,186,1599,1804,,0,0,0,0,0,0,0,True
rslora_v4_ck400,187,829,859,,0,0,0,0,0,0,0,True
rslora_v4_ck400,188,1564,1788,,0,0,0,0,0,0,0,True
rslora_v4_ck400,189,1682,1908,,0,0,0,0,0,0,0,True
rslora_v4_ck400,190,1375,1400,,0,0,0,0,0,0,0,True
rslora_v4_ck400,191,817,934,,0,0,0,0,0,0,0,True
rslora_v4_ck400,192,1458,1544,,0,0,0,0,0,0,0,True
rslora_v4_ck400,193,543,543,,0,0,0,0,0,0,0,True
rslora_v4_ck400,194,1121,1121,,0,0,0,0,0,0,0,True
rslora_v4_ck400,195,1243,1448,,0,0,0,0,0,0,0,True
rslora_v4_ck400,196,861,878,,0,0,0,0,0,0,0,True
rslora_v4_ck400,197,360,403,,0,0,0,0,0,0,0,True
rslora_v4_ck400,198,2965,3071,,1,0,2,0,1,0,4,False
rslora_v4_ck400,199,431,473,,0,0,0,0,0,0,0,True
rslora_v4_ck450,0,1972,2061,,0,0,0,0,0,0,0,True
rslora_v4_ck450,1,120,120,,0,0,0,0,0,0,0,True
rslora_v4_ck450,2,76,76,,0,0,0,0,0,0,0,True
rslora_v4_ck450,3,2320,2320,,0,0,0,0,0,0,0,True
rslora_v4_ck450,4,2464,2464,,0,0,0,0,0,0,0,True
rslora_v4_ck450,5,1165,1357,,0,0,0,0,0,0,0,True
rslora_v4_ck450,6,1160,1258,,0,0,0,0,0,0,0,True
rslora_v4_ck450,7,673,673,,0,0,0,0,0,0,0,True
rslora_v4_ck450,8,1335,1404,,0,0,0,0,0,0,0,True
rslora_v4_ck450,9,90,98,,0,0,0,0,0,0,0,True
rslora_v4_ck450,10,939,1002,,0,0,0,0,0,0,0,True
rslora_v4_ck450,11,741,741,,0,0,0,0,0,0,0,True
rslora_v4_ck450,12,92,92,,0,0,0,0,0,0,0,True
rslora_v4_ck450,13,4009,4456,,0,3,0,0,1,0,4,False
rslora_v4_ck450,14,1258,1376,,0,0,0,0,0,0,0,True
rslora_v4_ck450,15,1290,1390,,0,0,0,0,0,0,0,True
rslora_v4_ck450,16,1715,1921,,0,0,0,0,0,0,0,True
rslora_v4_ck450,17,1913,1913,,0,0,0,0,0,0,0,True
rslora_v4_ck450,18,571,571,,0,0,0,0,0,0,0,True
rslora_v4_ck450,19,2377,2377,,0,0,0,0,0,0,0,True
rslora_v4_ck450,20,1375,1399,,0,0,0,0,0,0,0,True
rslora_v4_ck450,21,1166,1166,,0,0,0,0,0,0,0,True
rslora_v4_ck450,22,2331,2810,,0,0,0,0,0,0,0,True
rslora_v4_ck450,23,1641,1641,,0,0,0,0,0,0,0,True
rslora_v4_ck450,24,868,868,,0,0,0,0,0,0,0,True
rslora_v4_ck450,25,1462,1462,,0,0,0,0,0,0,0,True
rslora_v4_ck450,26,3228,3651,,0,0,0,0,0,0,0,True
rslora_v4_ck450,27,1926,2256,,0,0,0,0,0,0,0,True
rslora_v4_ck450,28,1303,1336,,0,0,0,0,0,0,0,True
rslora_v4_ck450,29,1541,1794,,0,0,0,0,0,0,0,True
rslora_v4_ck450,30,2579,2894,,0,0,0,0,0,0,0,True
rslora_v4_ck450,31,1364,1633,,0,0,0,0,0,0,0,True
rslora_v4_ck450,32,817,817,,0,0,0,0,0,0,0,True
rslora_v4_ck450,33,2440,2440,,0,0,0,0,0,0,0,True
rslora_v4_ck450,34,1161,1397,,0,10,0,0,0,0,10,False
rslora_v4_ck450,35,567,573,,0,0,0,0,0,0,0,True
rslora_v4_ck450,36,2848,3009,,0,0,0,0,0,0,0,True
rslora_v4_ck450,37,955,1036,,0,0,0,0,0,0,0,True
rslora_v4_ck450,38,1257,1460,,0,0,0,0,0,0,0,True
rslora_v4_ck450,39,670,670,,0,0,0,0,0,0,0,True
rslora_v4_ck450,40,2019,2210,,0,0,0,0,0,0,0,True
rslora_v4_ck450,41,2732,2732,,0,0,0,0,0,0,0,True
rslora_v4_ck450,42,1993,1998,,0,0,0,0,0,0,0,True
rslora_v4_ck450,43,284,284,,0,0,0,0,0,0,0,True
rslora_v4_ck450,44,1289,1345,,0,0,0,0,0,0,0,True
rslora_v4_ck450,45,945,951,,0,0,0,0,0,0,0,True
rslora_v4_ck450,46,1921,2065,,0,0,0,0,0,0,0,True
rslora_v4_ck450,47,1664,1777,,0,0,0,0,0,0,0,True
rslora_v4_ck450,48,135,135,,0,0,0,0,0,0,0,True
rslora_v4_ck450,49,824,824,,0,0,0,0,0,0,0,True
rslora_v4_ck450,50,2367,4485,,0,187,22,96,13,15,333,False
rslora_v4_ck450,51,981,1045,,0,0,0,0,0,0,0,True
rslora_v4_ck450,52,2122,3215,,0,14,0,1,0,0,15,False
rslora_v4_ck450,53,694,694,,0,0,0,0,0,0,0,True
rslora_v4_ck450,54,1806,2045,,0,0,0,0,0,0,0,True
rslora_v4_ck450,55,143,165,,0,0,0,0,0,0,0,True
rslora_v4_ck450,56,2288,2587,,0,0,0,0,0,0,0,True
rslora_v4_ck450,57,592,606,,0,0,0,0,0,0,0,True
rslora_v4_ck450,58,198,214,,0,0,0,0,0,0,0,True
rslora_v4_ck450,59,586,607,,0,0,0,0,0,0,0,True
rslora_v4_ck450,60,165,165,,0,0,0,0,0,0,0,True
rslora_v4_ck450,61,164,164,,0,0,0,0,0,0,0,True
rslora_v4_ck450,62,1916,2087,,0,0,0,0,0,0,0,True
rslora_v4_ck450,63,496,496,,0,0,0,0,0,0,0,True
rslora_v4_ck450,64,1157,1157,,0,0,0,0,0,0,0,True
rslora_v4_ck450,65,2645,3026,,0,0,0,0,0,0,0,True
rslora_v4_ck450,66,1007,1007,,0,0,0,0,0,0,0,True
rslora_v4_ck450,67,716,750,,0,0,0,0,0,0,0,True
rslora_v4_ck450,68,872,4157,,0,205,2,2,1,0,210,False
rslora_v4_ck450,69,1286,1883,,0,11,1,0,0,0,12,False
rslora_v4_ck450,70,1834,1957,,0,0,0,0,0,0,0,True
rslora_v4_ck450,71,3031,3351,,0,0,0,0,0,0,0,True
rslora_v4_ck450,72,1869,2042,,0,0,0,0,0,0,0,True
rslora_v4_ck450,73,496,630,,0,2,0,0,0,0,2,False
rslora_v4_ck450,74,731,731,,0,0,0,0,0,0,0,True
rslora_v4_ck450,75,2569,2808,,0,0,0,0,0,0,0,True
rslora_v4_ck450,76,877,877,,0,0,0,0,0,0,0,True
rslora_v4_ck450,77,1879,1966,,0,0,0,0,0,0,0,True
rslora_v4_ck450,78,947,986,,0,0,0,0,0,0,0,True
rslora_v4_ck450,79,789,915,,1,1,0,0,0,0,2,False
rslora_v4_ck450,80,655,683,,0,0,0,0,0,0,0,True
rslora_v4_ck450,81,1314,1366,,0,0,0,0,0,0,0,True
rslora_v4_ck450,82,279,299,,0,0,0,0,0,0,0,True
rslora_v4_ck450,83,2281,2413,,0,0,0,0,0,0,0,True
rslora_v4_ck450,84,551,551,,0,0,0,0,0,0,0,True
rslora_v4_ck450,85,1807,1807,,0,0,0,0,0,0,0,True
rslora_v4_ck450,86,860,860,,0,0,0,0,0,0,0,True
rslora_v4_ck450,87,3023,3575,,0,0,0,0,0,0,0,True
rslora_v4_ck450,88,1125,1141,,0,0,0,0,0,0,0,True
rslora_v4_ck450,89,1806,1806,,0,0,0,0,0,0,0,True
rslora_v4_ck450,90,873,873,,0,0,0,0,0,0,0,True
rslora_v4_ck450,91,2023,2116,,0,0,0,0,0,0,0,True
rslora_v4_ck450,92,939,1084,,0,0,0,0,0,0,0,True
rslora_v4_ck450,93,328,328,,0,0,0,1,0,0,1,False
rslora_v4_ck450,94,519,547,,0,0,0,0,0,0,0,True
rslora_v4_ck450,95,193,193,,0,0,0,0,0,0,0,True
rslora_v4_ck450,96,72,72,,0,0,0,0,0,0,0,True
rslora_v4_ck450,97,419,419,,0,0,0,0,0,0,0,True
rslora_v4_ck450,98,499,566,,0,0,0,0,0,0,0,True
rslora_v4_ck450,99,1806,1806,,0,0,0,0,0,0,0,True
rslora_v4_ck450,100,1356,1356,,0,0,0,0,0,0,0,True
rslora_v4_ck450,101,536,546,,0,0,0,0,0,0,0,True
rslora_v4_ck450,102,987,987,,0,0,0,0,0,0,0,True
rslora_v4_ck450,103,2179,2733,,0,0,0,0,0,0,0,True
rslora_v4_ck450,104,1236,1309,,0,0,0,0,0,0,0,True
rslora_v4_ck450,105,2102,2168,,0,0,0,0,0,0,0,True
rslora_v4_ck450,106,1037,1037,,0,0,0,0,0,0,0,True
rslora_v4_ck450,107,1100,1148,,0,0,0,0,0,0,0,True
rslora_v4_ck450,108,2524,4579,,0,189,39,128,7,23,386,False
rslora_v4_ck450,109,562,562,,0,0,0,0,0,0,0,True
rslora_v4_ck450,110,1426,1426,,0,0,0,0,0,0,0,True
rslora_v4_ck450,111,59,59,,0,0,0,0,0,0,0,True
rslora_v4_ck450,112,2212,2595,,0,0,0,0,0,0,0,True
rslora_v4_ck450,113,1238,1238,,0,0,0,0,0,0,0,True
rslora_v4_ck450,114,992,1187,,0,0,0,0,0,0,0,True
rslora_v4_ck450,115,1663,1754,,0,0,0,0,0,0,0,True
rslora_v4_ck450,116,649,730,,0,0,0,0,0,0,0,True
rslora_v4_ck450,117,1539,1539,,0,0,0,0,0,0,0,True
rslora_v4_ck450,118,1347,1584,,0,0,0,0,0,0,0,True
rslora_v4_ck450,119,1834,1904,,0,0,0,0,0,0,0,True
rslora_v4_ck450,120,2392,2425,,0,0,0,0,0,0,0,True
rslora_v4_ck450,121,1218,1218,,0,0,0,0,0,0,0,True
rslora_v4_ck450,122,1534,1626,,0,0,0,0,0,0,0,True
rslora_v4_ck450,123,1404,1404,,0,0,0,0,0,0,0,True
rslora_v4_ck450,124,96,111,,0,0,0,0,0,0,0,True
rslora_v4_ck450,125,1082,1082,,0,0,0,0,0,0,0,True
rslora_v4_ck450,126,563,635,,0,1,0,0,0,0,1,False
rslora_v4_ck450,127,655,655,,0,0,0,0,0,0,0,True
rslora_v4_ck450,128,982,982,,0,0,0,0,0,0,0,True
rslora_v4_ck450,129,638,638,,0,0,0,0,0,0,0,True
rslora_v4_ck450,130,646,646,,0,0,0,0,0,0,0,True
rslora_v4_ck450,131,1110,1110,,0,0,0,0,0,0,0,True
rslora_v4_ck450,132,1385,1510,,0,0,0,0,0,0,0,True
rslora_v4_ck450,133,645,682,,0,0,0,0,0,0,0,True
rslora_v4_ck450,134,741,844,,0,0,0,0,0,0,0,True
rslora_v4_ck450,135,1895,1972,,0,0,0,0,0,0,0,True
rslora_v4_ck450,136,667,676,,0,0,0,0,0,0,0,True
rslora_v4_ck450,137,874,874,,0,0,0,0,0,0,0,True
rslora_v4_ck450,138,329,329,,0,0,0,0,0,0,0,True
rslora_v4_ck450,139,1882,1982,,0,0,0,0,0,0,0,True
rslora_v4_ck450,140,2525,2585,,0,0,0,0,0,0,0,True
rslora_v4_ck450,141,267,275,,0,0,0,0,0,0,0,True
rslora_v4_ck450,142,1214,1214,,0,0,0,0,0,0,0,True
rslora_v4_ck450,143,1267,1486,,0,0,0,0,0,0,0,True
rslora_v4_ck450,144,433,433,,0,0,0,0,0,0,0,True
rslora_v4_ck450,145,2043,2259,,0,0,0,0,0,0,0,True
rslora_v4_ck450,146,2021,2323,,0,0,0,0,0,0,0,True
rslora_v4_ck450,147,1672,1768,,0,0,0,0,0,0,0,True
rslora_v4_ck450,148,337,337,,0,0,0,0,0,0,0,True
rslora_v4_ck450,149,2140,2140,,0,0,0,0,0,0,0,True
rslora_v4_ck450,150,1577,1904,,0,0,0,0,0,0,0,True
rslora_v4_ck450,151,2704,3234,,0,0,0,0,0,0,0,True
rslora_v4_ck450,152,1667,1667,,0,0,0,0,0,0,0,True
rslora_v4_ck450,153,1143,1216,,0,0,0,0,0,0,0,True
rslora_v4_ck450,154,1329,1576,,0,0,0,0,0,0,0,True
rslora_v4_ck450,155,517,544,,0,0,0,0,0,1,1,False
rslora_v4_ck450,156,2335,2552,,0,0,0,0,0,0,0,True
rslora_v4_ck450,157,557,557,,0,0,0,0,0,0,0,True
rslora_v4_ck450,158,1455,1579,,0,0,0,0,0,0,0,True
rslora_v4_ck450,159,507,569,,0,0,0,0,0,0,0,True
rslora_v4_ck450,160,22,22,,0,0,0,0,0,0,0,True
rslora_v4_ck450,161,1549,1739,,0,0,0,0,0,0,0,True
rslora_v4_ck450,162,155,175,,0,0,0,0,0,0,0,True
rslora_v4_ck450,163,658,670,,0,0,0,0,0,0,0,True
rslora_v4_ck450,164,287,299,,0,0,0,0,0,0,0,True
rslora_v4_ck450,165,1178,1178,,0,0,0,0,0,0,0,True
rslora_v4_ck450,166,815,839,,0,0,0,0,0,0,0,True
rslora_v4_ck450,167,142,142,,0,0,0,0,0,0,0,True
rslora_v4_ck450,168,2328,2328,,0,0,0,0,0,0,0,True
rslora_v4_ck450,169,2515,2515,,0,0,0,0,0,0,0,True
rslora_v4_ck450,170,1699,1699,,0,0,0,0,0,0,0,True
rslora_v4_ck450,171,1405,1405,,0,0,0,0,0,0,0,True
rslora_v4_ck450,172,1261,1440,,0,0,0,0,0,0,0,True
rslora_v4_ck450,173,788,788,,0,0,0,0,0,0,0,True
rslora_v4_ck450,174,1484,1562,,0,0,0,0,0,0,0,True
rslora_v4_ck450,175,2098,2365,,0,0,0,0,0,0,0,True
rslora_v4_ck450,176,895,957,,0,0,0,0,0,0,0,True
rslora_v4_ck450,177,1529,1768,,0,0,0,0,0,0,0,True
rslora_v4_ck450,178,1381,1434,,0,0,0,0,0,0,0,True
rslora_v4_ck450,179,3033,3301,,0,0,0,0,0,0,0,True
rslora_v4_ck450,180,1068,1068,,0,0,0,0,0,0,0,True
rslora_v4_ck450,181,265,267,,0,0,0,0,0,0,0,True
rslora_v4_ck450,182,2309,2309,,0,0,0,0,0,0,0,True
rslora_v4_ck450,183,490,522,,0,0,0,0,0,0,0,True
rslora_v4_ck450,184,383,383,,0,0,0,0,0,0,0,True
rslora_v4_ck450,185,140,147,,0,0,0,0,0,0,0,True
rslora_v4_ck450,186,1599,1867,,0,0,0,0,0,0,0,True
rslora_v4_ck450,187,829,859,,0,0,0,0,0,0,0,True
rslora_v4_ck450,188,1564,1735,,0,0,0,0,0,0,0,True
rslora_v4_ck450,189,1682,1824,,0,0,0,0,0,0,0,True
rslora_v4_ck450,190,1375,1375,,0,0,0,0,0,0,0,True
rslora_v4_ck450,191,817,934,,0,0,0,0,0,0,0,True
rslora_v4_ck450,192,1458,1544,,0,0,0,0,0,0,0,True
rslora_v4_ck450,193,543,543,,0,0,0,0,0,0,0,True
rslora_v4_ck450,194,1121,1121,,0,0,0,0,0,0,0,True
rslora_v4_ck450,195,1243,1448,,0,0,0,0,0,0,0,True
rslora_v4_ck450,196,861,878,,0,0,0,0,0,0,0,True
rslora_v4_ck450,197,360,382,,0,0,0,0,0,0,0,True
rslora_v4_ck450,198,2965,3304,,1,0,2,0,1,0,4,False
rslora_v4_ck450,199,431,473,,0,0,0,0,0,0,0,True
